id,first_name,last_name,email,gender,ip_address
1,Con,Fassan,cfassan0@ox.ac.uk,Female,91.210.105.63
2,Albertine,Banbridge,abanbridge1@pbs.org,Genderfluid,13.115.180.58
3,Jeffie,Goakes,jgoakes2@unesco.org,Male,162.229.215.231
4,Arleen,Wessing,awessing3@blogs.com,Female,182.108.212.135
5,Osborne,Hansen,ohansen4@epa.gov,Male,106.146.229.157
6,Flem,Shay,fshay5@cdc.gov,Male,167.78.154.9
7,Jesse,Fillery,jfillery6@simplemachines.org,Male,27.77.8.62
8,Diane-marie,Davidde,ddavidde7@japanpost.jp,Female,61.248.104.83
9,Irene,Duggan,iduggan8@github.io,Female,217.5.17.17
10,Palm,Cowoppe,pcowoppe9@reuters.com,Male,109.74.244.113
11,Xylia,McKenny,xmckennya@networkadvertising.org,Female,59.214.6.62
12,Steward,McKennan,smckennanb@fda.gov,Male,217.184.164.134
13,Cortney,Worssam,cworssamc@dropbox.com,Bigender,44.9.219.106
14,Dorolice,Kik,dkikd@reuters.com,Female,188.151.163.61
15,Leola,Oxford,loxforde@go.com,Bigender,231.118.231.2
16,Cointon,Friel,cfrielf@nydailynews.com,Male,16.196.143.165
17,Chicky,Ziebart,cziebartg@gmpg.org,Female,198.49.86.169
18,Marlow,Swepson,mswepsonh@cbslocal.com,Male,75.212.225.184
19,Liva,Brassill,lbrassilli@cyberchimps.com,Female,254.134.88.44
20,Goldi,Coverlyn,gcoverlynj@cnbc.com,Female,85.240.189.83
21,Claudius,Januszewski,cjanuszewskik@shop-pro.jp,Male,162.111.25.174
22,Morley,Murrock,mmurrockl@stumbleupon.com,Male,37.32.180.79
23,Andris,McPhilemy,amcphilemym@vistaprint.com,Male,67.23.163.29
24,Deni,Savage,dsavagen@seesaa.net,Female,147.136.187.109
25,Staci,Bockmaster,sbockmastero@bigcartel.com,Female,8.237.195.177
26,Evelyn,Dytham,edythamp@friendfeed.com,Male,71.213.74.223
27,Gertie,Fishburn,gfishburnq@columbia.edu,Female,111.142.148.124
28,Courtney,Norquay,cnorquayr@livejournal.com,Male,239.186.37.217
29,Tamiko,MacMechan,tmacmechans@cargocollective.com,Female,227.223.91.156
30,Hallie,Simonett,hsimonettt@issuu.com,Female,44.110.23.77
31,Guenna,Wassell,gwassellu@economist.com,Female,149.35.78.47
32,Karoly,Fielding,kfieldingv@myspace.com,Male,44.63.227.161
33,Gael,Dugdale,gdugdalew@themeforest.net,Male,111.130.140.99
34,Karel,Tripean,ktripeanx@senate.gov,Male,196.153.27.115
35,Neill,Denizet,ndenizety@usgs.gov,Male,2.32.26.78
36,Akim,Soares,asoaresz@indiegogo.com,Male,180.224.150.149
37,Hamilton,Yoxall,hyoxall10@ebay.com,Male,139.93.247.199
38,Hannah,Ibbotson,hibbotson11@goo.ne.jp,Female,73.118.210.51
39,Kelcie,Darree,kdarree12@soup.io,Female,221.35.134.145
40,Ben,Gately,bgately13@nba.com,Male,169.234.170.136
41,Mercy,Kubik,mkubik14@nsw.gov.au,Female,211.228.123.251
42,Nikolai,Snelgar,nsnelgar15@weibo.com,Male,230.218.56.238
43,Tull,Chasson,tchasson16@simplemachines.org,Male,56.94.191.97
44,Gris,Lambarth,glambarth17@redcross.org,Male,180.117.178.125
45,Ronnie,Boulds,rboulds18@photobucket.com,Female,45.111.4.46
46,Loralyn,Tipper,ltipper19@friendfeed.com,Female,73.101.234.48
47,Nolan,Basley,nbasley1a@timesonline.co.uk,Male,15.122.138.114
48,Joachim,Gowans,jgowans1b@vinaora.com,Male,40.155.100.40
49,Pavel,Silverston,psilverston1c@ebay.co.uk,Male,165.0.80.97
50,Sibelle,Prantoni,sprantoni1d@digg.com,Female,239.43.38.181
51,Cecil,Castana,ccastana1e@sohu.com,Male,255.250.99.37
52,Gaspar,Goldes,ggoldes1f@psu.edu,Male,86.101.193.176
53,Gretna,Knightley,gknightley1g@hhs.gov,Female,159.203.54.24
54,Jenica,Skinn,jskinn1h@nsw.gov.au,Female,236.207.201.221
55,Marlene,Godridge,mgodridge1i@bloglovin.com,Female,230.123.132.67
56,Timmi,Serrell,tserrell1j@w3.org,Female,62.69.225.162
57,Daphene,Yusupov,dyusupov1k@economist.com,Female,120.40.134.79
58,Viki,Darlasson,vdarlasson1l@marketwatch.com,Female,110.129.53.93
59,Kimberley,Bonellie,kbonellie1m@unesco.org,Female,194.194.45.37
60,Barb,Chrestien,bchrestien1n@123-reg.co.uk,Female,126.69.61.24
61,Ashlan,Blumsom,ablumsom1o@cafepress.com,Female,160.231.63.216
62,Dacie,Dudding,ddudding1p@webmd.com,Female,70.237.39.37
63,Staffard,Robottham,srobottham1q@tripod.com,Male,80.228.219.7
64,Lamar,Kennard,lkennard1r@ted.com,Male,112.82.245.140
65,Lenora,Pledge,lpledge1s@zdnet.com,Female,30.215.4.43
66,Whitman,Ansley,wansley1t@blogs.com,Male,64.235.189.210
67,Enrique,Stiger,estiger1u@bloomberg.com,Male,156.201.98.58
68,Nani,Hillock,nhillock1v@t.co,Female,109.33.217.78
69,Hamnet,Okell,hokell1w@narod.ru,Male,246.4.170.3
70,Janina,Seeney,jseeney1x@noaa.gov,Female,227.238.40.150
71,Geordie,Lenihan,glenihan1y@bravesites.com,Male,30.237.197.209
72,Jobyna,Niemiec,jniemiec1z@lulu.com,Agender,209.229.185.123
73,Adriaens,Bedo,abedo20@bing.com,Female,10.148.149.157
74,Sean,Sabbins,ssabbins21@geocities.jp,Genderfluid,90.234.199.90
75,Barby,Olfert,bolfert22@microsoft.com,Female,16.138.191.131
76,Pete,Veazey,pveazey23@auda.org.au,Male,201.30.21.81
77,Jarvis,Hackforth,jhackforth24@bbc.co.uk,Male,20.213.47.5
78,Delainey,Davidy,ddavidy25@howstuffworks.com,Male,156.139.221.214
79,Etienne,Carnell,ecarnell26@w3.org,Male,17.127.238.35
80,Franzen,Olivera,folivera27@ow.ly,Male,175.155.165.196
81,Gregoor,Hymer,ghymer28@omniture.com,Male,128.149.20.231
82,Raymund,Shapiro,rshapiro29@omniture.com,Male,45.188.22.229
83,Hayden,Sarsfield,hsarsfield2a@yahoo.co.jp,Male,179.214.23.14
84,Butch,Sambrook,bsambrook2b@dailymotion.com,Polygender,107.100.98.78
85,Kara-lynn,Spir,kspir2c@mail.ru,Female,187.61.207.191
86,Petey,Grichukhanov,pgrichukhanov2d@sciencedirect.com,Male,96.131.151.219
87,Jerrie,Albone,jalbone2e@wordpress.com,Male,192.148.123.199
88,Cullen,Maciejak,cmaciejak2f@dedecms.com,Male,111.154.195.100
89,Jackie,Scopes,jscopes2g@skyrock.com,Male,192.194.158.232
90,Ddene,Boyford,dboyford2h@alexa.com,Female,234.149.25.187
91,Hamil,Thome,hthome2i@123-reg.co.uk,Male,151.128.171.42
92,Wes,Taphouse,wtaphouse2j@lycos.com,Male,137.249.238.190
93,Jareb,Sedgeworth,jsedgeworth2k@reuters.com,Genderfluid,217.27.136.231
94,Brana,Lampaert,blampaert2l@nsw.gov.au,Female,16.252.140.38
95,Walker,Falconer,wfalconer2m@furl.net,Male,115.234.68.32
96,Barclay,Petricek,bpetricek2n@networksolutions.com,Male,49.22.124.85
97,Elroy,Brisley,ebrisley2o@ow.ly,Male,55.120.225.205
98,Chandal,Stenners,cstenners2p@artisteer.com,Female,76.240.106.246
99,Harper,Borrett,hborrett2q@lulu.com,Male,252.147.55.62
100,Maurizia,Aubry,maubry2r@reverbnation.com,Female,77.174.4.249
101,Devy,Isaacson,disaacson2s@cornell.edu,Male,114.19.137.137
102,Adelaide,Threadgold,athreadgold2t@wisc.edu,Genderfluid,48.121.141.65
103,Gilligan,Beams,gbeams2u@de.vu,Female,223.119.213.227
104,Carolynn,Gabe,cgabe2v@comcast.net,Female,113.193.69.105
105,Edithe,Dabes,edabes2w@state.gov,Female,213.187.229.229
106,Josias,Brisley,jbrisley2x@army.mil,Polygender,151.7.236.88
107,Sharity,Dimelow,sdimelow2y@google.ca,Female,210.51.4.213
108,Saundra,O'Griffin,sogriffin2z@over-blog.com,Male,95.249.208.37
109,Hatti,Dietzler,hdietzler30@auda.org.au,Bigender,255.191.196.207
110,Morena,Halburton,mhalburton31@independent.co.uk,Female,227.234.179.84
111,Peder,O'Curran,pocurran32@howstuffworks.com,Male,25.182.177.242
112,Nilson,Bergin,nbergin33@simplemachines.org,Male,101.18.40.157
113,Farly,Pettus,fpettus34@youku.com,Male,244.154.229.181
114,Dunc,Landor,dlandor35@multiply.com,Male,128.17.219.154
115,Carrol,Weeks,cweeks36@biglobe.ne.jp,Male,25.147.15.220
116,Marylinda,Duinbleton,mduinbleton37@europa.eu,Female,228.120.168.111
117,Chauncey,Toe,ctoe38@i2i.jp,Male,118.254.188.235
118,Lorene,Tiffany,ltiffany39@diigo.com,Female,173.69.246.158
119,Darice,Crevagh,dcrevagh3a@toplist.cz,Polygender,229.223.184.107
120,Mitchael,Boydell,mboydell3b@elpais.com,Male,126.161.220.209
121,Angelica,Gallyhaock,agallyhaock3c@twitpic.com,Female,79.124.123.199
122,Katina,Nealy,knealy3d@mayoclinic.com,Female,13.34.205.148
123,Binny,Hattrick,bhattrick3e@goo.ne.jp,Female,44.224.28.112
124,Karly,Demare,kdemare3f@amazonaws.com,Female,146.60.38.73
125,Remington,Balsellie,rbalsellie3g@msn.com,Male,235.151.68.111
126,Homere,Deacon,hdeacon3h@shutterfly.com,Male,182.67.106.25
127,Jasmina,Brede,jbrede3i@goodreads.com,Female,182.12.82.16
128,Farleigh,McCormick,fmccormick3j@topsy.com,Male,248.42.246.21
129,Karalynn,Jacson,kjacson3k@businessweek.com,Female,19.225.200.114
130,Karol,Cragoe,kcragoe3l@blogs.com,Female,208.159.100.25
131,Rurik,Swinnerton,rswinnerton3m@instagram.com,Male,116.102.231.18
132,Carl,Smalles,csmalles3n@istockphoto.com,Male,230.143.64.211
133,Bartholomeo,Cary,bcary3o@godaddy.com,Male,195.24.154.38
134,Jules,Lindell,jlindell3p@washington.edu,Male,75.173.56.221
135,Taddeo,Foale,tfoale3q@aol.com,Male,196.63.246.122
136,Harley,Ebsworth,hebsworth3r@technorati.com,Male,197.27.37.131
137,Pearle,Crose,pcrose3s@nbcnews.com,Female,161.51.159.136
138,Mendy,Cowey,mcowey3t@msn.com,Male,241.186.237.193
139,Theodore,Pinching,tpinching3u@jigsy.com,Male,205.248.187.221
140,Danita,Duffil,dduffil3v@drupal.org,Female,166.123.19.134
141,Iseabal,Kelshaw,ikelshaw3w@lulu.com,Female,234.3.246.13
142,Misty,Piffe,mpiffe3x@smh.com.au,Female,104.137.234.78
143,Giulio,De Mitri,gdemitri3y@shop-pro.jp,Male,218.75.26.113
144,Maia,D'Adda,mdadda3z@state.gov,Female,150.146.222.186
145,Jasmin,Eaglestone,jeaglestone40@china.com.cn,Female,245.64.44.202
146,Malcolm,Ruperti,mruperti41@wikispaces.com,Male,228.172.27.156
147,Emlynne,Feeny,efeeny42@comcast.net,Female,146.188.86.53
148,Delores,Frigout,dfrigout43@gmpg.org,Female,62.81.217.104
149,Griffith,Jamot,gjamot44@archive.org,Male,120.25.94.72
150,See,Presdie,spresdie45@eventbrite.com,Male,235.184.85.120
151,Gerladina,Hawthorne,ghawthorne46@nasa.gov,Female,140.108.91.114
152,Dena,Kitman,dkitman47@webmd.com,Female,193.27.80.238
153,Mayor,Bamlet,mbamlet48@stumbleupon.com,Male,85.7.245.41
154,Adham,McLeary,amcleary49@networksolutions.com,Male,162.227.127.5
155,Bonnie,Cato,bcato4a@prlog.org,Female,207.115.5.137
156,Prince,Rookeby,prookeby4b@google.cn,Male,118.202.75.53
157,Dominique,Caesar,dcaesar4c@cbc.ca,Female,98.151.124.134
158,Reed,Gillan,rgillan4d@bravesites.com,Male,104.170.197.25
159,Standford,Caiger,scaiger4e@cyberchimps.com,Male,76.211.142.149
160,Barri,Cossum,bcossum4f@msn.com,Male,209.50.161.216
161,Garnet,Dudman,gdudman4g@yellowbook.com,Female,89.135.178.246
162,Emili,Overstreet,eoverstreet4h@cargocollective.com,Female,153.203.110.208
163,Gloria,Slym,gslym4i@123-reg.co.uk,Female,232.245.196.82
164,Hannah,Doddemeade,hdoddemeade4j@ifeng.com,Female,104.186.178.228
165,Katharine,Ferrillio,kferrillio4k@wunderground.com,Female,218.29.104.174
166,Elaina,Chevis,echevis4l@chronoengine.com,Female,13.79.209.32
167,Rubi,Crabtree,rcrabtree4m@abc.net.au,Female,153.100.89.104
168,Nance,Titterell,ntitterell4n@angelfire.com,Female,78.61.23.69
169,Salvatore,McGrail,smcgrail4o@craigslist.org,Male,106.21.76.197
170,Laurette,Finnis,lfinnis4p@harvard.edu,Polygender,44.148.251.102
171,Barnett,Girvan,bgirvan4q@woothemes.com,Male,61.112.223.220
172,Lombard,Stockbridge,lstockbridge4r@illinois.edu,Non-binary,52.229.247.82
173,Melita,Connochie,mconnochie4s@va.gov,Female,172.197.178.50
174,Phillis,Warcop,pwarcop4t@soundcloud.com,Female,58.214.226.159
175,Husein,Kleinpeltz,hkleinpeltz4u@tmall.com,Male,91.254.209.11
176,Anatola,Elwin,aelwin4v@reuters.com,Female,155.160.29.170
177,Constantia,Grinaway,cgrinaway4w@fotki.com,Female,188.140.224.83
178,Holden,Barrington,hbarrington4x@miibeian.gov.cn,Male,222.157.134.109
179,Ermengarde,Buncombe,ebuncombe4y@telegraph.co.uk,Female,177.142.192.245
180,Sukey,Ghest,sghest4z@upenn.edu,Female,49.91.101.20
181,Gerty,Schollick,gschollick50@fc2.com,Female,180.194.154.214
182,Stephanus,Hiers,shiers51@tinypic.com,Male,132.175.10.34
183,Hymie,McDuffie,hmcduffie52@123-reg.co.uk,Male,172.33.43.227
184,Manfred,Walesa,mwalesa53@odnoklassniki.ru,Male,103.125.4.59
185,Lyssa,Boulder,lboulder54@aol.com,Genderqueer,21.200.92.254
186,Leoline,Zamorrano,lzamorrano55@mapquest.com,Bigender,168.200.227.233
187,Waverly,Tremberth,wtremberth56@bravesites.com,Male,192.243.74.121
188,Roby,Claye,rclaye57@ft.com,Female,165.92.75.154
189,Dex,Premble,dpremble58@google.fr,Genderfluid,8.150.40.139
190,Kelbee,Varnham,kvarnham59@imageshack.us,Male,170.236.24.13
191,Hunt,Eadmeads,headmeads5a@bloomberg.com,Male,254.252.83.136
192,Grange,Maudling,gmaudling5b@hostgator.com,Male,3.64.73.42
193,Uriel,Haslum,uhaslum5c@amazon.co.uk,Male,246.252.227.180
194,Charlie,Chilver,cchilver5d@senate.gov,Male,122.100.40.15
195,Bail,Brayson,bbrayson5e@gmpg.org,Male,229.2.219.39
196,Ruthi,Poznanski,rpoznanski5f@tinyurl.com,Female,54.162.91.137
197,Starlene,Trevascus,strevascus5g@amazon.co.uk,Female,89.254.20.166
198,Griffie,McGauhy,gmcgauhy5h@foxnews.com,Non-binary,110.158.10.122
199,Nataniel,Matisoff,nmatisoff5i@bravesites.com,Male,111.47.16.191
200,Neala,Ruddell,nruddell5j@gnu.org,Female,140.160.32.68
201,Pattin,Fiveash,pfiveash5k@tuttocitta.it,Male,177.117.0.170
202,Shawna,Townshend,stownshend5l@g.co,Female,164.255.118.16
203,Urbano,Drakes,udrakes5m@taobao.com,Male,236.128.2.206
204,Arnoldo,Kneath,akneath5n@drupal.org,Male,58.170.159.84
205,Gwendolin,McGeraghty,gmcgeraghty5o@google.com.au,Female,97.46.42.92
206,Maximilien,Axcel,maxcel5p@about.me,Male,87.39.70.196
207,Lucille,Gudahy,lgudahy5q@trellian.com,Female,227.43.175.249
208,Morry,Shard,mshard5r@seattletimes.com,Male,219.9.17.113
209,Ketty,Burkinshaw,kburkinshaw5s@aboutads.info,Female,132.1.36.132
210,Roderigo,Favey,rfavey5t@jalbum.net,Male,241.147.127.57
211,Sig,Khoter,skhoter5u@ezinearticles.com,Male,240.189.178.211
212,Kirstyn,Gillyett,kgillyett5v@prlog.org,Female,57.229.216.187
213,Sianna,Poulden,spoulden5w@soup.io,Female,28.133.174.118
214,Jody,Josefs,jjosefs5x@lycos.com,Male,119.201.72.131
215,Trix,O'Noland,tonoland5y@jugem.jp,Female,148.212.243.119
216,Rourke,Staples,rstaples5z@posterous.com,Male,125.217.16.106
217,Annetta,MacWhan,amacwhan60@kickstarter.com,Female,185.185.112.238
218,Aliza,Medhurst,amedhurst61@reference.com,Female,128.187.144.81
219,Rodrigo,Milverton,rmilverton62@ameblo.jp,Male,95.24.96.34
220,Jae,Rapper,jrapper63@1688.com,Polygender,90.33.163.134
221,Valeda,Room,vroom64@sogou.com,Female,223.75.231.210
222,Phylys,Hanburry,phanburry65@rakuten.co.jp,Female,222.106.40.176
223,Meridel,Rizzini,mrizzini66@diigo.com,Female,147.253.153.160
224,Beauregard,Machen,bmachen67@biglobe.ne.jp,Male,152.157.209.7
225,Nappie,Ardley,nardley68@sfgate.com,Male,244.168.114.125
226,Leonerd,Linklet,llinklet69@behance.net,Male,103.55.241.226
227,Lonee,Gofforth,lgofforth6a@europa.eu,Polygender,146.203.49.132
228,Maurene,Maeer,mmaeer6b@latimes.com,Female,27.49.122.86
229,Cullin,Bedinn,cbedinn6c@netvibes.com,Male,194.209.40.214
230,Victor,Alennikov,valennikov6d@arstechnica.com,Male,121.141.15.220
231,Lorinda,McGillacoell,lmcgillacoell6e@china.com.cn,Female,194.209.181.249
232,Alaine,McLuckie,amcluckie6f@people.com.cn,Female,43.122.141.47
233,Rhys,Issacson,rissacson6g@stumbleupon.com,Male,152.234.52.60
234,Livvyy,Eckhard,leckhard6h@slashdot.org,Female,90.4.159.178
235,Farlie,Osgerby,fosgerby6i@youtu.be,Male,83.245.59.150
236,Cecil,Paddell,cpaddell6j@e-recht24.de,Female,235.254.119.120
237,Daisie,Cornelius,dcornelius6k@icio.us,Female,93.171.176.236
238,Garrot,Golson,ggolson6l@desdev.cn,Male,172.178.243.96
239,Adi,Coyish,acoyish6m@microsoft.com,Female,252.145.89.144
240,Gilemette,Bromont,gbromont6n@bing.com,Agender,196.32.231.225
241,Carl,Willgress,cwillgress6o@amazon.com,Male,175.246.193.133
242,Riccardo,Batiste,rbatiste6p@weebly.com,Male,228.34.197.36
243,Wye,Hindrick,whindrick6q@tiny.cc,Male,119.211.224.25
244,Erasmus,Flury,eflury6r@mail.ru,Male,180.167.49.137
245,Chaddy,Roscher,croscher6s@omniture.com,Male,88.62.56.131
246,Wolfgang,Hatter,whatter6t@thetimes.co.uk,Male,234.238.252.12
247,Gilli,Bend,gbend6u@wix.com,Female,193.145.145.232
248,Madelon,Traher,mtraher6v@yellowpages.com,Female,43.231.98.71
249,Barby,Izachik,bizachik6w@google.nl,Female,147.227.200.107
250,Ilyse,Dorow,idorow6x@dion.ne.jp,Female,58.20.217.73
251,Onfre,Allner,oallner6y@redcross.org,Male,184.172.252.62
252,Thibaut,Seares,tseares6z@rambler.ru,Male,114.82.23.214
253,Netti,Meiningen,nmeiningen70@gnu.org,Female,218.86.22.192
254,Ellerey,Malamore,emalamore71@jiathis.com,Male,72.148.88.173
255,Esma,Grieger,egrieger72@unicef.org,Female,164.49.3.151
256,Vernon,Moughtin,vmoughtin73@hibu.com,Male,188.207.23.144
257,Eugenie,Streeter,estreeter74@storify.com,Female,152.112.238.235
258,Romeo,Bucktharp,rbucktharp75@shareasale.com,Non-binary,236.87.51.127
259,Harrietta,Wybron,hwybron76@dailymotion.com,Female,123.51.233.185
260,Alyda,Quarry,aquarry77@meetup.com,Female,121.217.116.100
261,Worden,Santora,wsantora78@constantcontact.com,Male,83.58.144.25
262,Rosalynd,Colegrove,rcolegrove79@jimdo.com,Female,47.79.8.43
263,Roddie,Hearon,rhearon7a@bigcartel.com,Male,227.250.40.230
264,Reggy,Chinery,rchinery7b@soup.io,Male,65.104.2.63
265,Mureil,Oak,moak7c@slideshare.net,Genderfluid,48.72.22.124
266,Leyla,Barrowclough,lbarrowclough7d@wsj.com,Female,170.143.209.38
267,Milka,Kann,mkann7e@cyberchimps.com,Female,123.182.36.228
268,Keely,Chene,kchene7f@last.fm,Female,81.80.243.255
269,Bryana,Doyle,bdoyle7g@tripod.com,Non-binary,14.47.250.42
270,Giovanna,Ciccarelli,gciccarelli7h@drupal.org,Female,14.43.64.154
271,Otis,Nafziger,onafziger7i@phpbb.com,Male,64.153.175.57
272,Tailor,Walczak,twalczak7j@1und1.de,Male,42.174.156.108
273,Trenna,Craigie,tcraigie7k@newsvine.com,Female,166.42.200.40
274,Deedee,Snalham,dsnalham7l@free.fr,Female,217.12.106.232
275,Aida,Earngy,aearngy7m@mlb.com,Female,202.221.150.59
276,Gaile,Johann,gjohann7n@dell.com,Male,202.88.202.170
277,Rustie,Frizell,rfrizell7o@acquirethisname.com,Agender,173.183.96.238
278,Greggory,Beecham,gbeecham7p@auda.org.au,Male,40.49.142.231
279,Lothaire,Threadgould,lthreadgould7q@qq.com,Male,153.145.55.104
280,Tawsha,Clavey,tclavey7r@nytimes.com,Agender,206.227.190.49
281,Kelsey,Saberton,ksaberton7s@google.co.uk,Male,139.19.56.0
282,Mair,Chaytor,mchaytor7t@prweb.com,Female,58.43.108.196
283,Annadiana,Eden,aeden7u@slideshare.net,Female,2.244.2.140
284,Denver,Attenbrough,dattenbrough7v@etsy.com,Male,97.177.19.192
285,Ned,Lessmare,nlessmare7w@businesswire.com,Male,85.177.30.140
286,Adelina,Kimmince,akimmince7x@slate.com,Female,61.250.84.164
287,Riannon,Prozillo,rprozillo7y@baidu.com,Female,122.252.67.107
288,Barr,Wofenden,bwofenden7z@hc360.com,Non-binary,45.27.251.243
289,Frank,Talman,ftalman80@scientificamerican.com,Male,67.97.170.85
290,Hyacinthie,Biddlecombe,hbiddlecombe81@statcounter.com,Female,30.200.118.109
291,Correy,Quidenham,cquidenham82@webs.com,Male,24.44.12.76
292,Shae,Ryde,sryde83@tiny.cc,Female,199.26.68.221
293,Stephanus,Borrel,sborrel84@fda.gov,Male,158.78.223.20
294,Sanson,McCreary,smccreary85@google.de,Male,167.195.90.29
295,Carmina,Quarry,cquarry86@bing.com,Female,227.243.236.33
296,Selestina,Bodker,sbodker87@narod.ru,Female,228.151.100.9
297,Erik,Meneo,emeneo88@home.pl,Male,144.226.140.255
298,Caitrin,Aughtie,caughtie89@ning.com,Female,189.184.75.24
299,Clemmy,Newborn,cnewborn8a@va.gov,Male,108.158.139.229
300,Florentia,Temperley,ftemperley8b@cyberchimps.com,Female,142.106.164.23
301,Hettie,Cavee,hcavee8c@bluehost.com,Female,125.227.0.20
302,Hanny,Birmingham,hbirmingham8d@usgs.gov,Female,73.134.208.187
303,Artie,Bachshell,abachshell8e@list-manage.com,Male,202.245.157.10
304,Pearle,Georgi,pgeorgi8f@cloudflare.com,Female,101.27.74.60
305,Tiebold,Yantsev,tyantsev8g@shinystat.com,Male,169.111.123.89
306,Buddy,Wilmot,bwilmot8h@skyrock.com,Male,72.172.45.160
307,Angelia,Franklen,afranklen8i@tripadvisor.com,Female,153.206.208.212
308,Adoree,Muro,amuro8j@nih.gov,Genderfluid,77.224.190.91
309,Cori,Evered,cevered8k@examiner.com,Male,151.86.39.190
310,Adella,Giblin,agiblin8l@whitehouse.gov,Female,131.70.118.99
311,Dasha,Gask,dgask8m@elpais.com,Female,73.33.143.26
312,Humfrey,Schulze,hschulze8n@1688.com,Male,118.49.246.201
313,Shae,Giorgione,sgiorgione8o@drupal.org,Male,251.251.222.206
314,Reina,Siebert,rsiebert8p@japanpost.jp,Female,200.158.161.86
315,Charmian,Elcox,celcox8q@blogs.com,Female,137.224.154.126
316,Marcie,Pietzke,mpietzke8r@dropbox.com,Female,182.27.170.232
317,Waverly,Rove,wrove8s@example.com,Bigender,203.88.11.67
318,Cele,Kasper,ckasper8t@imageshack.us,Female,93.141.191.9
319,Dawn,Simison,dsimison8u@mediafire.com,Female,179.169.121.56
320,Nataniel,Joincey,njoincey8v@abc.net.au,Male,66.64.230.165
321,Eloisa,Conibear,econibear8w@123-reg.co.uk,Agender,147.120.46.227
322,Kristian,Dawltrey,kdawltrey8x@jigsy.com,Male,212.207.50.162
323,Reg,Bowdidge,rbowdidge8y@dedecms.com,Male,171.110.44.57
324,Dilly,Littrik,dlittrik8z@canalblog.com,Male,248.84.142.36
325,Walden,Tolomelli,wtolomelli90@wiley.com,Male,120.39.191.46
326,Vivianna,Gallagher,vgallagher91@dailymail.co.uk,Female,126.40.174.122
327,Roanna,MacScherie,rmacscherie92@statcounter.com,Female,141.203.121.118
328,Fanechka,Boyat,fboyat93@altervista.org,Female,56.54.171.131
329,Tiler,Litterick,tlitterick94@apache.org,Male,19.214.117.139
330,Dagny,Shivlin,dshivlin95@businessinsider.com,Male,225.251.206.73
331,Magda,Glassopp,mglassopp96@wix.com,Bigender,113.141.241.114
332,Reube,Blagbrough,rblagbrough97@about.me,Male,197.143.60.57
333,Gabriell,Tetther,gtetther98@ovh.net,Genderqueer,78.119.188.51
334,Fawn,Laver,flaver99@usda.gov,Female,140.15.84.44
335,Wilton,Leaburn,wleaburn9a@illinois.edu,Male,224.50.183.52
336,Brade,Matieu,bmatieu9b@theguardian.com,Male,140.125.211.65
337,Bary,Lening,blening9c@ox.ac.uk,Agender,171.13.54.162
338,Ignacio,Branwhite,ibranwhite9d@studiopress.com,Male,114.20.160.40
339,Flossy,Lawson,flawson9e@upenn.edu,Female,3.132.0.7
340,Tiphany,Livzey,tlivzey9f@nbcnews.com,Female,173.213.70.126
341,Lenka,Kirman,lkirman9g@omniture.com,Female,247.133.124.52
342,Ulrike,Goldring,ugoldring9h@weather.com,Female,113.255.122.9
343,Heddi,Kasper,hkasper9i@hibu.com,Female,18.18.54.75
344,Stace,Jerdon,sjerdon9j@msn.com,Female,90.252.23.167
345,Dorri,Baudino,dbaudino9k@weather.com,Female,250.204.129.69
346,Georas,Manie,gmanie9l@scribd.com,Male,44.107.130.138
347,Alena,Hofton,ahofton9m@typepad.com,Female,33.226.249.145
348,Rosalia,Winks,rwinks9n@dmoz.org,Female,241.46.105.213
349,Bibi,Barnwill,bbarnwill9o@nymag.com,Female,166.104.13.132
350,Bart,Benoy,bbenoy9p@seesaa.net,Male,37.235.200.112
351,Orin,Eakin,oeakin9q@nifty.com,Male,95.87.42.116
352,Ardis,Cady,acady9r@clickbank.net,Female,98.236.40.121
353,Sheff,Maren,smaren9s@squarespace.com,Male,8.10.106.6
354,Faustina,Jiggen,fjiggen9t@weather.com,Female,44.170.156.187
355,Ewell,Jenteau,ejenteau9u@sciencedaily.com,Male,98.37.107.231
356,Sally,Glassopp,sglassopp9v@weibo.com,Female,199.170.230.179
357,Flore,Trewman,ftrewman9w@pcworld.com,Bigender,145.29.61.113
358,Idette,Acott,iacott9x@nydailynews.com,Agender,191.213.204.91
359,Benedikt,Goreway,bgoreway9y@nasa.gov,Male,232.31.150.97
360,Tedd,Giacopini,tgiacopini9z@vinaora.com,Male,176.57.209.143
361,Edgardo,Woodward,ewoodwarda0@ehow.com,Male,235.248.42.4
362,Selina,Kolushev,skolusheva1@artisteer.com,Female,28.49.255.169
363,Dario,McCarthy,dmccarthya2@is.gd,Male,153.145.225.100
364,Kerry,Privett,kprivetta3@blogs.com,Female,190.135.92.65
365,Xylina,Tellenbrok,xtellenbroka4@mashable.com,Female,31.109.236.67
366,Nichole,Lishman,nlishmana5@so-net.ne.jp,Genderqueer,222.12.96.29
367,Seline,Merkel,smerkela6@hibu.com,Female,247.89.221.192
368,Davita,Cunnow,dcunnowa7@chron.com,Female,252.174.86.76
369,Dorette,Morter,dmortera8@spiegel.de,Female,120.32.30.130
370,Bert,Pendered,bpendereda9@jigsy.com,Female,176.35.72.190
371,Jessie,Bartusek,jbartusekaa@smh.com.au,Female,147.192.57.114
372,Erinn,McDermot,emcdermotab@blogger.com,Female,127.134.85.188
373,Frasco,Freire,ffreireac@sourceforge.net,Male,82.214.227.56
374,Melly,Gorrick,mgorrickad@cnet.com,Female,25.89.167.20
375,Yurik,Ends,yendsae@npr.org,Male,217.172.136.153
376,Daren,Forsyth,dforsythaf@geocities.com,Male,149.240.105.129
377,Nevile,Cordaroy,ncordaroyag@admin.ch,Male,177.65.0.152
378,Bess,Allston,ballstonah@mashable.com,Female,22.88.12.56
379,Corbin,Strother,cstrotherai@cmu.edu,Male,238.200.139.49
380,Dene,Keeves,dkeevesaj@posterous.com,Male,183.230.156.151
381,Bob,Ordemann,bordemannak@dropbox.com,Male,58.35.5.140
382,Viola,Sandcraft,vsandcraftal@utexas.edu,Female,61.64.71.210
383,Natalina,Shade,nshadeam@cdbaby.com,Non-binary,218.186.201.107
384,Gigi,Womersley,gwomersleyan@mapquest.com,Female,64.150.159.65
385,Florian,Gaylord,fgaylordao@gravatar.com,Male,142.142.247.65
386,Cassi,Fidian,cfidianap@edublogs.org,Female,114.165.123.196
387,Brigg,Sabater,bsabateraq@princeton.edu,Male,168.131.36.232
388,Findlay,Sansam,fsansamar@arizona.edu,Male,205.17.240.207
389,Lian,Llorente,lllorenteas@wired.com,Female,129.128.226.24
390,Bogart,Fawdrie,bfawdrieat@photobucket.com,Male,49.112.7.8
391,Jase,Atkins,jatkinsau@google.com.br,Male,59.176.178.11
392,Hephzibah,Flanaghan,hflanaghanav@hao123.com,Female,53.234.27.142
393,Ricki,Casham,rcashamaw@tiny.cc,Female,222.180.102.91
394,Ingrim,Wimpey,iwimpeyax@themeforest.net,Male,190.79.75.211
395,Maurizio,Arrighini,marrighiniay@cloudflare.com,Male,105.0.158.22
396,Syd,Fessby,sfessbyaz@skyrock.com,Male,95.154.15.214
397,Launce,Mellon,lmellonb0@g.co,Male,23.124.194.50
398,Robinet,Rucklidge,rrucklidgeb1@nhs.uk,Polygender,78.190.78.139
399,Tiphany,Fache,tfacheb2@rediff.com,Genderfluid,246.60.30.200
400,Shellysheldon,Adnett,sadnettb3@kickstarter.com,Male,227.252.171.98
401,Wheeler,Wardrop,wwardropb4@amazon.com,Male,96.111.196.190
402,Buffy,Lawtie,blawtieb5@biblegateway.com,Agender,110.15.227.149
403,Gray,Vaun,gvaunb6@economist.com,Bigender,220.101.94.197
404,Avery,Dami,adamib7@icq.com,Male,8.116.234.44
405,Emmit,Kenford,ekenfordb8@addtoany.com,Male,53.20.15.207
406,Keefe,Viel,kvielb9@w3.org,Male,57.77.127.18
407,Aldin,Veld,aveldba@marketwatch.com,Male,197.45.143.133
408,Inglebert,Sinclair,isinclairbb@buzzfeed.com,Male,161.195.174.19
409,Olenka,Bramley,obramleybc@fastcompany.com,Female,51.247.68.142
410,Bernadette,Moscon,bmosconbd@twitter.com,Female,150.122.23.24
411,Shell,Pallin,spallinbe@google.com.au,Male,218.183.129.209
412,Carr,Laterza,claterzabf@pcworld.com,Bigender,219.214.212.254
413,Ekaterina,Peoples,epeoplesbg@de.vu,Female,120.78.173.26
414,Libbey,Iron,lironbh@barnesandnoble.com,Female,194.11.23.246
415,Raimondo,Lande,rlandebi@scribd.com,Male,12.18.49.127
416,Randie,Canet,rcanetbj@wufoo.com,Female,252.100.153.140
417,Dimitry,Gerrit,dgerritbk@friendfeed.com,Male,46.231.135.23
418,Gordan,Davidovic,gdavidovicbl@kickstarter.com,Male,37.235.233.50
419,Daloris,Thurman,dthurmanbm@nba.com,Female,234.41.253.190
420,Margery,Sagar,msagarbn@reddit.com,Female,248.190.177.190
421,Courtney,Jakovijevic,cjakovijevicbo@nih.gov,Female,240.249.17.103
422,Lyndsie,Duly,ldulybp@sohu.com,Female,151.34.155.85
423,Wileen,Rowlstone,wrowlstonebq@blogs.com,Female,202.1.165.175
424,Moreen,Asche,maschebr@angelfire.com,Genderqueer,66.191.162.207
425,Miguelita,Tolussi,mtolussibs@google.es,Female,6.254.222.32
426,Dickie,Hasted,dhastedbt@state.gov,Male,87.196.1.145
427,Andrus,Longrigg,alongriggbu@china.com.cn,Bigender,151.216.107.65
428,Elsworth,Bradnam,ebradnambv@nbcnews.com,Male,197.59.111.199
429,Waiter,Reijmers,wreijmersbw@uiuc.edu,Male,230.108.158.89
430,Ealasaid,Bredee,ebredeebx@sakura.ne.jp,Female,216.180.200.206
431,Esmeralda,Rennison,erennisonby@cornell.edu,Female,19.217.68.68
432,Lacee,Nosworthy,lnosworthybz@theatlantic.com,Female,63.233.248.227
433,Felice,Kennon,fkennonc0@phoca.cz,Male,96.85.231.208
434,Klaus,Yurocjkin,kyurocjkinc1@g.co,Male,106.249.52.109
435,Maryrose,Mallock,mmallockc2@google.com.au,Female,88.125.216.181
436,Amity,Biaggioli,abiaggiolic3@github.com,Female,205.177.219.138
437,Edward,Hassard,ehassardc4@google.com,Male,44.209.148.243
438,Ethelred,Egginton,eeggintonc5@youtu.be,Male,246.234.137.0
439,Eduino,Gai,egaic6@zdnet.com,Male,147.7.126.158
440,Allene,Scotson,ascotsonc7@hugedomains.com,Agender,165.244.152.59
441,Nessa,Hawkyens,nhawkyensc8@clickbank.net,Female,40.85.246.164
442,Marlo,Reina,mreinac9@google.nl,Female,35.88.149.71
443,Ardelle,Jeandot,ajeandotca@myspace.com,Female,145.42.4.11
444,Guss,Rustedge,grustedgecb@altervista.org,Male,68.238.181.90
445,Phyllis,Leverett,pleverettcc@bluehost.com,Female,95.225.165.73
446,Shannen,Jeens,sjeenscd@naver.com,Female,92.18.210.76
447,Nevil,Ravilus,nravilusce@timesonline.co.uk,Genderqueer,229.72.10.98
448,Janenna,Vickerstaff,jvickerstaffcf@theglobeandmail.com,Bigender,126.243.252.57
449,Vasilis,Borg,vborgcg@cnet.com,Male,30.102.143.200
450,Filbert,Burgett,fburgettch@princeton.edu,Male,4.14.33.163
451,North,Gilbody,ngilbodyci@ca.gov,Genderqueer,239.17.231.192
452,Nestor,Dronsfield,ndronsfieldcj@newsvine.com,Non-binary,191.88.127.137
453,Thedrick,Matushevitz,tmatushevitzck@last.fm,Male,207.146.208.93
454,Kayla,Mewe,kmewecl@huffingtonpost.com,Female,196.147.153.108
455,Barbara,Lundbech,blundbechcm@nifty.com,Female,249.204.24.135
456,Mikael,Adshede,madshedecn@marriott.com,Male,211.5.113.238
457,Sarita,Southcoat,ssouthcoatco@wsj.com,Female,45.7.167.97
458,Patience,Duetschens,pduetschenscp@edublogs.org,Female,99.65.138.245
459,Shaun,Korn,skorncq@webeden.co.uk,Male,1.252.220.119
460,Hakim,Perryman,hperrymancr@miibeian.gov.cn,Male,43.146.198.164
461,Brenna,Gethyn,bgethyncs@amazon.com,Female,67.83.70.19
462,Gabbie,Kidstone,gkidstonect@shutterfly.com,Female,59.186.104.69
463,Joletta,Dowzell,jdowzellcu@chronoengine.com,Female,186.57.24.71
464,Loni,Ward,lwardcv@e-recht24.de,Female,66.189.46.143
465,Emelita,Lill,elillcw@engadget.com,Genderqueer,245.102.122.43
466,Irv,Westhofer,iwesthofercx@army.mil,Male,158.43.97.237
467,Ritchie,Bartels,rbartelscy@timesonline.co.uk,Male,155.37.77.162
468,Lammond,Palffy,lpalffycz@dagondesign.com,Male,225.100.31.3
469,Don,Kulis,dkulisd0@yolasite.com,Male,19.255.221.144
470,Theda,Rash,trashd1@xinhuanet.com,Female,151.40.223.183
471,Willy,Olechnowicz,wolechnowiczd2@fastcompany.com,Female,212.157.237.144
472,Kordula,Mizzen,kmizzend3@wisc.edu,Female,133.149.254.255
473,Torin,Densumbe,tdensumbed4@mayoclinic.com,Agender,58.26.112.238
474,Worthy,Nockells,wnockellsd5@wikipedia.org,Genderfluid,155.70.18.181
475,Kelsey,Coppock.,kcoppockd6@auda.org.au,Male,71.90.160.58
476,Noel,Chisholm,nchisholmd7@yahoo.co.jp,Male,149.63.225.157
477,Anatole,Somerfield,asomerfieldd8@disqus.com,Male,163.184.196.52
478,Dorice,Briers,dbriersd9@networksolutions.com,Female,228.255.181.102
479,Morlee,Polon,mpolonda@ucoz.ru,Male,168.144.169.7
480,Morlee,O'Leahy,moleahydb@naver.com,Male,0.68.155.170
481,Haydon,Town,htowndc@washingtonpost.com,Male,144.71.207.209
482,Tommie,Passman,tpassmandd@infoseek.co.jp,Male,250.231.79.150
483,Wiatt,Stenbridge,wstenbridgede@rambler.ru,Male,159.152.104.179
484,Barton,Kalinovich,bkalinovichdf@canalblog.com,Male,161.223.64.74
485,Geralda,Beynon,gbeynondg@unicef.org,Female,175.221.67.228
486,Ritchie,Entissle,rentissledh@dell.com,Male,136.225.90.182
487,Nertie,Raithbie,nraithbiedi@people.com.cn,Female,182.249.114.170
488,Tyrus,Ismay,tismaydj@google.com,Male,230.2.196.226
489,Josy,Rosenblath,jrosenblathdk@cornell.edu,Female,106.215.40.30
490,Rozelle,Drable,rdrabledl@tiny.cc,Female,180.206.21.68
491,Todd,Danhel,tdanheldm@shareasale.com,Genderfluid,87.111.137.77
492,Francis,Karlicek,fkarlicekdn@163.com,Male,131.68.160.58
493,Simonne,Mahaffey,smahaffeydo@nhs.uk,Genderqueer,167.167.200.124
494,Nell,Quarless,nquarlessdp@posterous.com,Female,191.133.106.188
495,Lucius,Cappel,lcappeldq@liveinternet.ru,Male,125.75.143.63
496,Shermie,Kenright,skenrightdr@yellowbook.com,Male,53.175.67.129
497,Waring,Seiler,wseilerds@myspace.com,Male,101.216.167.166
498,Hernando,Marchello,hmarchellodt@rediff.com,Male,175.86.98.55
499,Patrica,Wrighton,pwrightondu@github.io,Female,60.110.184.107
500,Ky,Foat,kfoatdv@cnn.com,Male,227.71.174.160
501,Meghan,Oran,morandw@yolasite.com,Female,136.249.186.202
502,Reinold,Paulitschke,rpaulitschkedx@topsy.com,Male,224.247.33.31
503,Elle,Bellringer,ebellringerdy@spotify.com,Female,1.242.110.90
504,Nari,Skrzynski,nskrzynskidz@t-online.de,Female,54.252.44.76
505,Abraham,Bozier,aboziere0@pcworld.com,Male,32.222.227.6
506,Warner,Lawranson,wlawransone1@reddit.com,Male,176.219.36.136
507,Vlad,Chaffin,vchaffine2@eepurl.com,Genderfluid,85.117.51.196
508,Pavel,Woolacott,pwoolacotte3@godaddy.com,Male,180.167.130.224
509,Kary,Fellowes,kfellowese4@histats.com,Genderqueer,243.250.108.154
510,Rori,MacAskill,rmacaskille5@un.org,Agender,50.20.164.253
511,Esteban,Mynott,emynotte6@hatena.ne.jp,Male,13.246.134.237
512,Jarrid,Shelley,jshelleye7@unesco.org,Non-binary,238.115.186.108
513,Josey,Rudledge,jrudledgee8@slideshare.net,Female,90.143.61.173
514,Mitchel,Clowney,mclowneye9@hhs.gov,Male,238.22.226.14
515,Harris,Gellately,hgellatelyea@ibm.com,Male,122.94.234.30
516,Evangelin,Angrock,eangrockeb@cloudflare.com,Female,56.148.247.193
517,Brandise,Biasioni,bbiasioniec@google.pl,Female,126.195.250.39
518,Klement,Desson,kdessoned@storify.com,Male,146.111.91.86
519,Grazia,Orsay,gorsayee@spotify.com,Female,109.22.226.121
520,Maxi,Wheldon,mwheldonef@sciencedaily.com,Female,200.62.58.30
521,Reine,Alves,ralveseg@1und1.de,Female,144.22.147.189
522,Bryan,Greenroa,bgreenroaeh@vimeo.com,Male,117.60.152.181
523,Monte,Donan,mdonanei@gmpg.org,Male,249.156.195.198
524,Gan,Eagland,geaglandej@google.com.au,Male,56.196.75.12
525,Jaquith,Bach,jbachek@artisteer.com,Female,23.172.201.155
526,Ignacio,Guitel,iguitelel@bbc.co.uk,Male,121.48.254.158
527,Lenette,Ilchenko,lilchenkoem@typepad.com,Female,192.95.173.141
528,Tucky,Hearnden,thearndenen@facebook.com,Genderfluid,129.173.188.24
529,Skipp,Jennaway,sjennawayeo@dedecms.com,Male,191.146.40.148
530,Cinnamon,Raye,crayeep@nps.gov,Female,14.3.76.204
531,Melodee,Feldmann,mfeldmanneq@globo.com,Female,40.99.109.164
532,Wildon,Lancley,wlancleyer@soundcloud.com,Male,129.65.28.103
533,Ashbey,Reede,areedees@tripadvisor.com,Male,168.200.163.126
534,Velvet,Vasyutichev,vvasyutichevet@indiegogo.com,Female,104.255.65.234
535,Ernest,Castanho,ecastanhoeu@imdb.com,Male,165.51.41.127
536,Loy,Tregunnah,ltregunnahev@alibaba.com,Male,84.38.153.188
537,Miriam,Sewill,msewillew@youtu.be,Female,6.249.104.72
538,Chandler,Meere,cmeereex@bluehost.com,Male,54.79.100.67
539,Zaneta,Pitchford,zpitchfordey@booking.com,Non-binary,164.249.151.183
540,Chaddy,Faltin,cfaltinez@un.org,Genderqueer,18.78.91.204
541,Annora,Batalini,abatalinif0@goo.gl,Female,67.202.174.131
542,Reuven,Rivilis,rrivilisf1@un.org,Polygender,122.15.244.202
543,Annie,Petters,apettersf2@jiathis.com,Female,192.204.49.49
544,Lorrie,Stute,lstutef3@scientificamerican.com,Male,98.148.154.193
545,Dale,Ratchford,dratchfordf4@ed.gov,Male,179.221.14.179
546,Gallard,Schimank,gschimankf5@nationalgeographic.com,Male,38.220.175.35
547,Nathaniel,Seamark,nseamarkf6@mayoclinic.com,Male,214.52.221.15
548,Jack,Bartalucci,jbartaluccif7@mtv.com,Male,14.102.23.132
549,Rafaelia,Everton,revertonf8@4shared.com,Female,151.219.181.204
550,Stillmann,Paybody,spaybodyf9@unesco.org,Male,209.68.206.236
551,Prent,Tanguy,ptanguyfa@wisc.edu,Male,75.52.231.157
552,Clementius,Olyunin,colyuninfb@archive.org,Polygender,123.34.80.123
553,Eulalie,Hanlin,ehanlinfc@china.com.cn,Female,92.100.235.121
554,Troy,Farndale,tfarndalefd@tinyurl.com,Male,124.187.204.42
555,Ethelyn,Bilby,ebilbyfe@cnbc.com,Female,23.14.173.248
556,Jaquenetta,Desforges,jdesforgesff@alibaba.com,Female,152.52.227.163
557,Theodora,McShirie,tmcshiriefg@nasa.gov,Female,41.29.113.107
558,Poul,Ponte,ppontefh@goodreads.com,Male,183.52.189.144
559,Adrianna,Morrel,amorrelfi@archive.org,Female,53.20.207.84
560,Erl,Maggiori,emaggiorifj@sciencedaily.com,Male,174.107.194.21
561,Berenice,Stockney,bstockneyfk@blog.com,Female,38.121.220.245
562,Crystal,Trassler,ctrasslerfl@t-online.de,Female,29.147.155.189
563,Nils,Hancock,nhancockfm@foxnews.com,Male,175.130.176.54
564,Robinette,Whitefoot,rwhitefootfn@redcross.org,Female,202.59.144.43
565,Hercules,Turville,hturvillefo@reuters.com,Male,109.134.105.86
566,Rainer,Morratt,rmorrattfp@nyu.edu,Male,234.7.14.241
567,Emyle,Kemmet,ekemmetfq@seattletimes.com,Female,211.157.49.78
568,Liv,Iredell,liredellfr@sakura.ne.jp,Female,11.147.128.153
569,Craggy,Brinsford,cbrinsfordfs@princeton.edu,Male,211.239.73.90
570,Moore,Soonhouse,msoonhouseft@nytimes.com,Male,255.228.237.185
571,Ransell,Poznanski,rpoznanskifu@hatena.ne.jp,Male,1.236.181.146
572,Kamila,Roch,krochfv@pinterest.com,Female,182.9.21.213
573,Storm,Hazel,shazelfw@shop-pro.jp,Female,75.122.76.213
574,Hobie,Papis,hpapisfx@shop-pro.jp,Male,207.21.181.95
575,Torrin,Bonnette,tbonnettefy@cornell.edu,Male,149.146.141.143
576,Megen,Snowball,msnowballfz@blogs.com,Female,55.171.3.5
577,Ianthe,Barhem,ibarhemg0@php.net,Female,162.151.29.160
578,Zane,Pulver,zpulverg1@mail.ru,Male,144.245.113.74
579,Fons,Picknett,fpicknettg2@usgs.gov,Male,238.158.206.58
580,Marybelle,Wonfor,mwonforg3@google.com.hk,Female,149.52.153.195
581,Yevette,Ferrar,yferrarg4@timesonline.co.uk,Polygender,27.127.192.246
582,Ida,Vane,ivaneg5@google.de,Female,7.149.99.185
583,Diane,Kingsford,dkingsfordg6@godaddy.com,Agender,10.117.27.33
584,Ignazio,Prisk,ipriskg7@networksolutions.com,Male,234.148.70.137
585,Fiorenze,Gauson,fgausong8@google.de,Female,156.193.31.254
586,Marne,Tesche,mtescheg9@netscape.com,Female,185.45.211.226
587,Obidiah,Dowry,odowryga@rediff.com,Male,183.215.51.139
588,Victoir,Espinoy,vespinoygb@ebay.co.uk,Male,177.58.250.217
589,Hattie,Halladey,hhalladeygc@wisc.edu,Female,100.106.198.221
590,Leesa,Shambrook,lshambrookgd@so-net.ne.jp,Female,59.158.248.27
591,Gifford,Durrell,gdurrellge@cbsnews.com,Male,205.64.134.87
592,Shermie,Rothert,srothertgf@reddit.com,Male,107.57.38.134
593,Thurston,Heindl,theindlgg@tiny.cc,Male,237.48.220.250
594,Denney,Styche,dstychegh@vinaora.com,Male,172.109.146.111
595,Ferris,Goodwin,fgoodwingi@webnode.com,Male,6.191.171.138
596,Bernhard,Muriel,bmurielgj@elegantthemes.com,Male,112.21.71.23
597,Daune,Clash,dclashgk@weibo.com,Female,101.195.215.184
598,Domenic,Shillom,dshillomgl@eventbrite.com,Male,61.92.227.64
599,Raoul,Geane,rgeanegm@themeforest.net,Male,113.11.46.198
600,Goober,Lezemore,glezemoregn@mlb.com,Male,241.117.1.196
601,Tori,Strognell,tstrognellgo@phoca.cz,Polygender,77.188.209.13
602,Jaimie,Sealy,jsealygp@pagesperso-orange.fr,Male,39.61.77.49
603,Perl,Piscot,ppiscotgq@senate.gov,Agender,201.109.116.241
604,Jedidiah,McPhillips,jmcphillipsgr@gnu.org,Male,199.106.219.58
605,Nelson,Browse,nbrowsegs@ed.gov,Male,36.54.166.181
606,Solly,McKintosh,smckintoshgt@technorati.com,Male,172.62.251.83
607,Harv,Featenby,hfeatenbygu@spiegel.de,Male,234.149.163.185
608,Godfrey,Privost,gprivostgv@vk.com,Non-binary,156.200.154.130
609,Traci,Andresser,tandressergw@sun.com,Female,56.243.40.96
610,Milli,Crombleholme,mcrombleholmegx@drupal.org,Female,127.214.52.15
611,Benedict,Buxy,bbuxygy@walmart.com,Male,227.48.29.73
612,Kristi,Chippindall,kchippindallgz@creativecommons.org,Female,197.236.136.246
613,Bernelle,Ruppertz,bruppertzh0@google.com,Female,210.24.42.47
614,Northrup,Lappine,nlappineh1@bbc.co.uk,Male,192.18.225.3
615,Brear,Batsford,bbatsfordh2@goodreads.com,Female,95.55.13.241
616,Andrey,Oaks,aoaksh3@google.ca,Male,232.180.94.55
617,Nowell,Ambrosini,nambrosinih4@artisteer.com,Male,59.98.113.136
618,Rossy,Mottley,rmottleyh5@globo.com,Bigender,198.64.66.44
619,Paolo,Diamant,pdiamanth6@go.com,Male,10.138.171.204
620,Elnar,MacPhee,emacpheeh7@theglobeandmail.com,Male,198.88.190.32
621,Kara,Cars,kcarsh8@360.cn,Female,30.87.240.107
622,Vernon,Stitle,vstitleh9@fotki.com,Male,96.34.190.242
623,Goddart,Pentin,gpentinha@a8.net,Male,155.188.53.241
624,Asa,Lewisham,alewishamhb@flickr.com,Male,93.35.111.56
625,Alyosha,Verrall,averrallhc@howstuffworks.com,Male,225.115.149.136
626,Anna-diane,Dalton,adaltonhd@so-net.ne.jp,Female,208.85.173.56
627,Maximilian,Keller,mkellerhe@blinklist.com,Male,243.98.50.239
628,Fran,Ridde,friddehf@state.tx.us,Male,231.188.234.185
629,Belita,Primak,bprimakhg@columbia.edu,Female,149.75.162.201
630,Buck,Hayton,bhaytonhh@discovery.com,Male,56.204.118.65
631,Lilias,Texton,ltextonhi@cpanel.net,Female,241.200.97.163
632,Bay,Foulstone,bfoulstonehj@state.tx.us,Male,42.168.144.7
633,Eduard,Wall,ewallhk@boston.com,Male,7.11.190.250
634,Adara,Reggler,aregglerhl@simplemachines.org,Female,44.240.52.128
635,Jonathan,Jurs,jjurshm@github.com,Male,157.186.1.173
636,Eda,Bangley,ebangleyhn@reddit.com,Female,58.157.103.194
637,Eirena,Bickerdike,ebickerdikeho@gov.uk,Female,4.188.137.131
638,Christoph,Beedell,cbeedellhp@techcrunch.com,Male,6.236.230.163
639,Maurine,Kuhwald,mkuhwaldhq@redcross.org,Female,228.150.55.233
640,Sterne,Sergant,sserganthr@amazon.de,Male,74.245.98.137
641,Allis,Lagde,alagdehs@purevolume.com,Female,2.83.129.140
642,Win,Semeniuk,wsemeniukht@google.com.au,Male,142.49.206.48
643,Chastity,Lawrenz,clawrenzhu@lycos.com,Female,19.63.210.173
644,Moises,Mylchreest,mmylchreesthv@umn.edu,Male,76.246.153.4
645,Aharon,Dufaur,adufaurhw@desdev.cn,Male,192.251.168.20
646,Kerrie,Basden,kbasdenhx@sciencedaily.com,Female,34.172.115.174
647,Marsh,Matthias,mmatthiashy@behance.net,Male,72.120.127.221
648,Antin,Bath,abathhz@homestead.com,Male,200.134.183.234
649,Avram,Knotte,aknottei0@webnode.com,Male,183.66.159.129
650,Estelle,Jakubovits,ejakubovitsi1@aboutads.info,Female,51.178.254.232
651,Emelyne,Kebbell,ekebbelli2@buzzfeed.com,Female,250.102.148.42
652,Olivier,Mohamed,omohamedi3@va.gov,Male,207.216.145.169
653,Hiram,Farries,hfarriesi4@seesaa.net,Male,143.110.168.52
654,Cordi,Hum,chumi5@amazon.de,Female,11.219.166.175
655,Travus,Innott,tinnotti6@studiopress.com,Male,255.102.38.15
656,Ramonda,Landy,rlandyi7@nationalgeographic.com,Non-binary,168.174.152.169
657,Idette,Kment,ikmenti8@boston.com,Female,238.122.153.123
658,Rodd,Pakes,rpakesi9@mail.ru,Male,207.201.140.211
659,Fraser,Pennigar,fpennigaria@cnbc.com,Male,252.178.148.3
660,Maison,Matignon,mmatignonib@kickstarter.com,Genderqueer,2.77.146.167
661,Maurizia,Ipgrave,mipgraveic@joomla.org,Female,195.230.124.161
662,Marielle,Runnacles,mrunnaclesid@multiply.com,Female,241.95.227.230
663,Essa,Duke,edukeie@friendfeed.com,Female,149.175.40.33
664,Nevins,Everley,neverleyif@squarespace.com,Male,151.227.28.195
665,Julian,Doog,jdoogig@dot.gov,Male,206.202.234.166
666,Ferdinand,Sisse,fsisseih@wp.com,Genderfluid,48.27.186.217
667,Derrick,Frango,dfrangoii@desdev.cn,Male,118.180.102.12
668,Josi,Algar,jalgarij@furl.net,Polygender,50.215.173.206
669,Ernie,Rolfo,erolfoik@typepad.com,Male,19.104.146.142
670,Josias,Northall,jnorthallil@a8.net,Male,252.32.76.120
671,Thomasa,Benettolo,tbenettoloim@skyrock.com,Female,65.53.177.249
672,Mark,Leaman,mleamanin@usgs.gov,Male,204.0.100.185
673,Concordia,Tugwell,ctugwellio@businesswire.com,Female,128.204.152.30
674,Shell,Anthonsen,santhonsenip@nytimes.com,Agender,120.38.171.135
675,Graeme,Toppin,gtoppiniq@ox.ac.uk,Male,185.140.47.228
676,Dani,Riseam,driseamir@ed.gov,Female,211.204.239.184
677,Goldy,Leroux,glerouxis@biblegateway.com,Female,185.139.24.129
678,Janaya,Theis,jtheisit@dell.com,Female,69.204.115.110
679,Katalin,Sygrove,ksygroveiu@discovery.com,Female,109.47.90.136
680,Rorke,Bosley,rbosleyiv@google.com,Male,10.166.3.185
681,Nero,Lidgard,nlidgardiw@wordpress.org,Male,193.248.111.167
682,Alexander,Voice,avoiceix@unesco.org,Male,45.241.80.167
683,Kent,McIlwreath,kmcilwreathiy@cpanel.net,Male,38.216.182.180
684,Moyra,Riste,mristeiz@plala.or.jp,Female,218.52.191.59
685,Antonino,Clear,aclearj0@europa.eu,Male,55.30.2.216
686,Rosmunda,McUre,rmcurej1@sakura.ne.jp,Female,215.209.55.176
687,Aldin,Geerling,ageerlingj2@merriam-webster.com,Male,38.72.57.156
688,Lorianna,Dewerson,ldewersonj3@msn.com,Bigender,16.145.79.98
689,Andros,Drissell,adrissellj4@va.gov,Male,73.32.141.27
690,Eyde,Burchard,eburchardj5@theguardian.com,Female,192.163.178.58
691,Kania,Calver,kcalverj6@geocities.com,Female,75.107.136.28
692,Alikee,Cousen,acousenj7@washingtonpost.com,Female,195.55.15.154
693,Teresita,Bucklan,tbucklanj8@pinterest.com,Female,77.68.3.14
694,Nona,Whitter,nwhitterj9@google.it,Female,154.59.229.216
695,Maximo,Thackham,mthackhamja@networksolutions.com,Male,125.156.164.159
696,Gunar,Bulluck,gbulluckjb@unc.edu,Male,243.187.148.215
697,Donielle,Normavill,dnormavilljc@ezinearticles.com,Female,86.72.47.172
698,Lyon,Ure,lurejd@vk.com,Male,138.87.55.48
699,Brennan,Scholes,bscholesje@kickstarter.com,Male,150.19.177.196
700,Hale,Manchett,hmanchettjf@amazon.co.uk,Male,77.65.40.42
701,Zebulon,Lotwich,zlotwichjg@360.cn,Male,91.223.219.193
702,Reagan,Epton,reptonjh@omniture.com,Male,133.160.94.36
703,Rikki,Bier,rbierji@nymag.com,Male,132.137.134.180
704,Adele,Ciraldo,aciraldojj@360.cn,Female,126.240.43.153
705,Brana,Bendell,bbendelljk@trellian.com,Female,74.72.105.8
706,Kean,Ksandra,kksandrajl@blogger.com,Male,134.166.59.184
707,Stevie,Goldstein,sgoldsteinjm@huffingtonpost.com,Agender,24.69.128.75
708,Ertha,Moriarty,emoriartyjn@cmu.edu,Bigender,69.209.56.230
709,Jobina,Guilloux,jguillouxjo@yolasite.com,Female,179.159.230.80
710,Berne,Olenin,boleninjp@gnu.org,Male,40.81.40.246
711,Misty,Zimmer,mzimmerjq@slate.com,Female,115.111.139.82
712,Vanessa,Mellmoth,vmellmothjr@hhs.gov,Female,118.154.207.136
713,Alair,Haddeston,ahaddestonjs@chron.com,Male,232.243.171.65
714,Jed,Philcock,jphilcockjt@weather.com,Male,194.87.199.24
715,Tammi,Fillery,tfilleryju@eventbrite.com,Agender,177.168.176.162
716,Philippe,Jeffryes,pjeffryesjv@jiathis.com,Female,243.67.213.56
717,Lianne,Vigneron,lvigneronjw@gnu.org,Female,173.118.107.155
718,Philbert,Matei,pmateijx@webs.com,Male,103.66.60.195
719,Jackson,Palomba,jpalombajy@latimes.com,Male,190.74.134.2
720,Germain,Canadine,gcanadinejz@blogspot.com,Genderfluid,110.2.27.32
721,Nehemiah,Burnard,nburnardk0@nih.gov,Male,47.34.117.153
722,Melvyn,Lardnar,mlardnark1@archive.org,Genderfluid,6.17.228.47
723,Jehu,McAvaddy,jmcavaddyk2@admin.ch,Male,94.94.77.125
724,Sherrie,Ginley,sginleyk3@deviantart.com,Polygender,126.65.15.66
725,Donal,Beathem,dbeathemk4@loc.gov,Male,144.93.201.199
726,Gerome,Ramshaw,gramshawk5@123-reg.co.uk,Male,200.99.184.28
727,Gaspard,Bowfin,gbowfink6@xing.com,Male,34.79.155.238
728,Ginny,Van der Hoven,gvanderhovenk7@multiply.com,Female,194.132.192.29
729,Larina,Mumbeson,lmumbesonk8@wikia.com,Female,150.113.123.186
730,Lesly,Huntingford,lhuntingfordk9@domainmarket.com,Female,246.153.97.100
731,May,Oxx,moxxka@nifty.com,Female,255.25.205.171
732,Matias,Blanque,mblanquekb@wikipedia.org,Male,93.29.120.30
733,Caryl,Senior,cseniorkc@independent.co.uk,Non-binary,164.55.90.13
734,Ario,Radbond,aradbondkd@princeton.edu,Male,15.192.219.59
735,Sylas,Yorston,syorstonke@intel.com,Male,108.158.43.44
736,Lorita,Goodswen,lgoodswenkf@furl.net,Female,193.108.180.44
737,Dannel,Gonzales,dgonzaleskg@deviantart.com,Male,27.214.215.123
738,Carolus,Barajaz,cbarajazkh@canalblog.com,Male,250.165.208.176
739,Torrence,Gennerich,tgennerichki@youtube.com,Male,43.252.52.68
740,Else,Morecomb,emorecombkj@technorati.com,Female,104.207.185.141
741,Gregor,Iacoboni,giacobonikk@nasa.gov,Agender,255.157.201.150
742,Kinsley,Mallison,kmallisonkl@free.fr,Male,81.84.197.231
743,Willis,Sedgman,wsedgmankm@jugem.jp,Male,69.130.111.198
744,Benji,Keuning,bkeuningkn@e-recht24.de,Male,103.145.148.199
745,Carleen,Pietruszka,cpietruszkako@livejournal.com,Female,103.147.40.224
746,Graeme,Corkan,gcorkankp@amazon.com,Agender,172.134.186.208
747,Libby,Childerley,lchilderleykq@msn.com,Female,44.132.41.170
748,Dierdre,Bowdery,dbowderykr@behance.net,Female,248.1.99.179
749,Nonnah,Benting,nbentingks@themeforest.net,Female,70.252.191.127
750,Susanna,Belliss,sbellisskt@usa.gov,Female,89.174.200.229
751,Theodore,Salvage,tsalvageku@dion.ne.jp,Male,26.189.197.62
752,Didi,Buffy,dbuffykv@cam.ac.uk,Female,139.111.224.116
753,Leland,Gofforth,lgofforthkw@salon.com,Female,176.136.36.160
754,Binny,Roughey,brougheykx@oracle.com,Female,99.95.65.48
755,Anatola,Gutherson,aguthersonky@china.com.cn,Female,203.92.72.173
756,Nappie,Antushev,nantushevkz@cpanel.net,Male,176.35.61.174
757,Ninnette,Bate,nbatel0@abc.net.au,Female,132.197.82.99
758,Delilah,Vick,dvickl1@google.nl,Female,101.202.90.58
759,Brooks,Bodell,bbodelll2@wikipedia.org,Female,187.17.167.140
760,Gibby,Standell,gstandelll3@mapy.cz,Male,170.205.99.23
761,Jocelin,Scimonelli,jscimonellil4@taobao.com,Female,37.203.179.253
762,Vaclav,Castanos,vcastanosl5@goo.gl,Male,229.71.181.142
763,Kristel,Shepland,ksheplandl6@illinois.edu,Female,225.26.193.58
764,Abner,Torre,atorrel7@ycombinator.com,Male,214.0.72.228
765,Anallese,Basilio,abasiliol8@yandex.ru,Female,77.40.53.95
766,Carlota,Pechet,cpechetl9@myspace.com,Female,42.74.246.50
767,Berty,Fitch,bfitchla@theguardian.com,Polygender,212.27.143.3
768,Jeralee,Blinkhorn,jblinkhornlb@csmonitor.com,Female,146.13.188.110
769,Neysa,Layland,nlaylandlc@mlb.com,Female,177.10.15.211
770,Ora,Gulk,ogulkld@java.com,Female,195.143.149.216
771,Maryjo,Amiss,mamissle@delicious.com,Female,147.121.165.205
772,Elita,Washington,ewashingtonlf@joomla.org,Female,185.58.72.2
773,Stillmann,Stubley,sstubleylg@cdc.gov,Male,118.235.174.160
774,Jamill,Gloves,jgloveslh@drupal.org,Male,251.27.91.116
775,Boony,Belone,bbeloneli@jiathis.com,Male,105.37.1.221
776,Hubey,Richley,hrichleylj@aol.com,Bigender,29.216.113.156
777,Donalt,Trounce,dtrouncelk@apple.com,Male,186.137.114.41
778,Janina,Cobello,jcobelloll@elegantthemes.com,Bigender,227.153.184.18
779,Ike,Rook,irooklm@barnesandnoble.com,Male,166.134.113.10
780,Andree,Ffoulkes,affoulkesln@multiply.com,Female,44.210.244.23
781,Camellia,Barends,cbarendslo@ft.com,Female,2.254.96.227
782,Marrissa,Ricoald,mricoaldlp@reddit.com,Female,109.124.66.203
783,Richard,Fishbourn,rfishbournlq@ovh.net,Male,207.98.132.8
784,Kati,Faireclough,kfairecloughlr@goo.ne.jp,Female,152.118.43.113
785,Artair,Ashlee,aashleels@wp.com,Male,237.255.214.57
786,Gordan,Clericoates,gclericoateslt@ehow.com,Male,184.116.193.114
787,Bradan,Preator,bpreatorlu@shinystat.com,Male,86.84.115.110
788,Shurlocke,Phayre,sphayrelv@engadget.com,Male,22.210.5.25
789,Susette,Fumagall,sfumagalllw@cargocollective.com,Female,146.71.13.31
790,Andie,O' Finan,aofinanlx@ucoz.com,Genderqueer,186.134.17.127
791,Ezmeralda,Jerok,ejerokly@hibu.com,Female,235.66.253.233
792,Evyn,Dorsett,edorsettlz@blogspot.com,Male,230.241.174.30
793,Kermie,Greenstead,kgreensteadm0@timesonline.co.uk,Agender,109.123.2.70
794,Cob,Manilove,cmanilovem1@ustream.tv,Male,57.177.140.222
795,Elliott,Cadding,ecaddingm2@miitbeian.gov.cn,Male,47.124.193.247
796,Johny,Dicey,jdiceym3@gmpg.org,Male,123.150.151.107
797,Stacy,Rosnau,srosnaum4@deliciousdays.com,Male,57.153.46.66
798,Amalie,Coulman,acoulmanm5@imdb.com,Female,24.34.66.77
799,Luke,Desorts,ldesortsm6@sogou.com,Male,44.68.184.164
800,Alwyn,Redemile,aredemilem7@unesco.org,Male,243.120.166.157
801,Davon,Wiggett,dwiggettm8@constantcontact.com,Male,180.151.42.17
802,Erick,Verrick,everrickm9@sfgate.com,Male,224.9.8.216
803,Isis,Scudders,iscuddersma@wsj.com,Female,45.251.27.97
804,Christian,Alekseicik,calekseicikmb@yelp.com,Female,200.206.215.172
805,Muire,Rasher,mrashermc@chronoengine.com,Female,213.114.201.100
806,Doreen,Willoughby,dwilloughbymd@google.fr,Female,6.235.92.152
807,Petronilla,Hazzard,phazzardme@instagram.com,Female,85.6.0.174
808,Magdalene,Jerzak,mjerzakmf@cdbaby.com,Female,185.142.199.227
809,Cherie,Jenney,cjenneymg@posterous.com,Female,102.140.193.121
810,Haskell,Dreus,hdreusmh@bloglines.com,Non-binary,0.118.234.34
811,Guenna,Norquoy,gnorquoymi@simplemachines.org,Female,104.174.143.168
812,Edyth,Humpherston,ehumpherstonmj@typepad.com,Female,119.55.172.178
813,Lou,Twinterman,ltwintermanmk@delicious.com,Male,88.42.199.201
814,Codi,Acomb,cacombml@drupal.org,Female,20.154.252.175
815,Dennie,Byrcher,dbyrchermm@goodreads.com,Male,146.113.50.73
816,Brear,Craighall,bcraighallmn@posterous.com,Female,53.20.225.231
817,Florinda,Judd,fjuddmo@desdev.cn,Polygender,209.5.37.178
818,Vernen,Reekie,vreekiemp@noaa.gov,Male,192.87.97.177
819,Chantal,Staynes,cstaynesmq@constantcontact.com,Female,30.7.206.253
820,Suzy,Snugg,ssnuggmr@behance.net,Female,234.253.249.167
821,Diane-marie,Bawden,dbawdenms@state.gov,Female,135.139.193.220
822,Emma,Bissill,ebissillmt@unc.edu,Genderfluid,59.94.143.157
823,Blake,MacKee,bmackeemu@exblog.jp,Female,100.213.2.160
824,Neddy,Blakeley,nblakeleymv@ftc.gov,Male,30.88.220.177
825,Alano,Claiden,aclaidenmw@theatlantic.com,Male,155.85.243.186
826,Julio,McLucky,jmcluckymx@yellowpages.com,Male,133.70.69.2
827,Darby,Ryder,drydermy@netlog.com,Male,177.241.115.192
828,Kissie,Tomaschke,ktomaschkemz@dyndns.org,Female,157.76.82.200
829,Ellerey,De Beneditti,edebenedittin0@netvibes.com,Male,24.112.22.82
830,Niki,Downer,ndownern1@webnode.com,Male,207.5.174.20
831,Madelaine,Cowlas,mcowlasn2@spotify.com,Female,181.98.42.109
832,Englebert,Covert,ecovertn3@1688.com,Male,208.236.73.117
833,Jourdain,Chimes,jchimesn4@creativecommons.org,Male,238.107.169.65
834,Melinda,Voce,mvocen5@engadget.com,Genderqueer,176.179.229.177
835,Karalynn,Wolpert,kwolpertn6@altervista.org,Female,139.253.246.205
836,North,Lohden,nlohdenn7@berkeley.edu,Genderqueer,31.50.180.193
837,Madelle,Gollard,mgollardn8@forbes.com,Female,167.177.136.156
838,Saunderson,Depka,sdepkan9@blogspot.com,Male,22.238.246.0
839,Rori,Glazier,rglazierna@bloglines.com,Female,95.190.218.216
840,Dre,Cawkwell,dcawkwellnb@amazon.com,Female,14.0.146.249
841,Karrah,Halliwell,khalliwellnc@fastcompany.com,Female,200.242.52.213
842,Dominik,Pryer,dpryernd@desdev.cn,Male,41.72.190.115
843,Natala,Archibald,narchibaldne@alibaba.com,Female,38.238.223.158
844,Valencia,Lindenstrauss,vlindenstraussnf@google.pl,Genderfluid,132.143.153.144
845,Nannie,Capstake,ncapstakeng@blogspot.com,Female,79.216.61.67
846,Rosalyn,Holwell,rholwellnh@google.com.hk,Female,172.177.30.187
847,Pernell,Breffit,pbreffitni@twitpic.com,Genderfluid,16.30.85.144
848,Regen,Jerg,rjergnj@fema.gov,Male,110.209.181.71
849,Red,Babb,rbabbnk@epa.gov,Male,248.147.49.250
850,Alica,Ward,awardnl@mit.edu,Female,130.234.180.200
851,Simone,Sallenger,ssallengernm@goodreads.com,Polygender,17.80.125.22
852,Matty,Donnellan,mdonnellannn@ed.gov,Male,93.116.215.204
853,Mara,Drejer,mdrejerno@51.la,Female,46.2.172.210
854,Sibyl,Coneybeer,sconeybeernp@dot.gov,Female,196.116.174.11
855,Floris,Morrowe,fmorrowenq@cpanel.net,Female,124.176.147.41
856,Lorilee,Cufflin,lcufflinnr@biglobe.ne.jp,Female,253.83.185.221
857,Adella,MacCaughey,amaccaugheyns@mayoclinic.com,Female,252.12.205.200
858,Juditha,Kennewell,jkennewellnt@cyberchimps.com,Female,71.166.32.208
859,Tiphani,Pourveer,tpourveernu@google.pl,Female,147.124.22.183
860,Ira,Duckinfield,iduckinfieldnv@usnews.com,Female,253.110.89.31
861,Zenia,McCrae,zmccraenw@nih.gov,Female,72.130.132.73
862,Ario,Bateman,abatemannx@google.co.uk,Male,235.61.221.26
863,Dione,Colnett,dcolnettny@census.gov,Female,12.208.104.241
864,Paddie,Ilchuk,pilchuknz@mozilla.com,Male,78.4.159.205
865,Kristo,Matantsev,kmatantsevo0@nytimes.com,Male,177.91.224.213
866,Clara,Goodred,cgoodredo1@google.co.uk,Female,181.53.230.152
867,Nathaniel,Bawme,nbawmeo2@sakura.ne.jp,Male,55.197.164.64
868,Dory,Bale,dbaleo3@com.com,Male,69.171.162.243
869,Filberte,Lampl,flamplo4@mail.ru,Male,16.110.142.125
870,Nance,Greetham,ngreethamo5@google.ca,Non-binary,53.51.90.216
871,Felipa,Ewbanck,fewbancko6@webmd.com,Female,154.4.16.219
872,Ramsey,Aiskovitch,raiskovitcho7@shareasale.com,Male,17.232.255.232
873,Carline,McClinton,cmcclintono8@chron.com,Female,63.163.47.28
874,Emmanuel,Besque,ebesqueo9@scribd.com,Male,9.62.2.222
875,Luke,Van Hesteren,lvanhesterenoa@over-blog.com,Genderqueer,222.200.175.15
876,Erie,Chastey,echasteyob@a8.net,Male,39.108.77.1
877,Francesco,Gisbourn,fgisbournoc@edublogs.org,Male,206.92.174.191
878,Suzy,Sirkett,ssirkettod@elegantthemes.com,Female,40.163.139.210
879,Leigha,Ivetts,livettsoe@sbwire.com,Female,201.13.11.72
880,Elisabet,Nowaczyk,enowaczykof@topsy.com,Female,167.213.3.207
881,Neale,Bannester,nbannesterog@tinypic.com,Male,6.193.192.247
882,Kay,Huie,khuieoh@globo.com,Female,157.125.54.199
883,Skelly,Duffin,sduffinoi@sogou.com,Male,108.137.186.117
884,Anthony,Klehyn,aklehynoj@hao123.com,Male,151.124.172.45
885,Jonathon,Huyhton,jhuyhtonok@umich.edu,Male,247.198.66.238
886,Latrina,Belfield,lbelfieldol@de.vu,Genderqueer,190.69.60.4
887,Doralia,Pitherick,dpitherickom@list-manage.com,Female,67.67.44.218
888,Reinwald,Gillespey,rgillespeyon@gov.uk,Male,251.106.245.183
889,Whit,Bonn,wbonnoo@seesaa.net,Male,124.143.197.132
890,Teodor,Gilhool,tgilhoolop@bbc.co.uk,Male,243.175.88.246
891,Lanna,Resdale,lresdaleoq@unc.edu,Female,241.211.135.107
892,Orazio,Ramsden,oramsdenor@omniture.com,Male,67.235.48.45
893,Laney,Eymer,leymeros@t-online.de,Polygender,112.26.149.185
894,Dawn,Pugsley,dpugsleyot@ucoz.ru,Female,200.246.41.229
895,Filia,Castellet,fcastelletou@desdev.cn,Genderfluid,72.116.67.47
896,Clem,Geere,cgeereov@rakuten.co.jp,Bigender,115.185.98.255
897,Cheryl,McGuiney,cmcguineyow@ucsd.edu,Female,165.126.46.129
898,Lemar,McQuarter,lmcquarterox@webnode.com,Male,227.11.54.204
899,Sasha,O' Dooley,sodooleyoy@hp.com,Bigender,117.7.27.213
900,Rozalie,Simounet,rsimounetoz@nih.gov,Female,209.125.174.234
901,Brucie,Trippick,btrippickp0@google.co.jp,Male,255.147.52.45
902,Burch,Lindwasser,blindwasserp1@comsenz.com,Male,233.4.39.13
903,Evey,De la Zenne,edelazennep2@eepurl.com,Female,62.1.233.239
904,Annabelle,Kettlesing,akettlesingp3@wikia.com,Female,190.73.217.167
905,Moreen,Tharme,mtharmep4@goo.ne.jp,Female,173.110.167.141
906,Daune,Berthome,dberthomep5@shop-pro.jp,Female,74.238.130.24
907,Kirby,Cerie,kceriep6@list-manage.com,Female,51.69.15.9
908,Augy,Bickersteth,abickerstethp7@blogtalkradio.com,Male,28.42.194.244
909,Binky,Klausewitz,bklausewitzp8@bluehost.com,Male,185.91.69.198
910,Germain,Clyde,gclydep9@nhs.uk,Female,101.123.187.137
911,Dulcia,Gillbee,dgillbeepa@php.net,Female,93.176.24.32
912,Gabbie,Howler,ghowlerpb@qq.com,Female,28.194.232.8
913,Orsa,Almon,oalmonpc@sitemeter.com,Female,51.150.223.168
914,Gaynor,Montacute,gmontacutepd@drupal.org,Female,78.141.70.154
915,Kary,Blaisdell,kblaisdellpe@booking.com,Female,163.97.69.194
916,Xavier,Grigorescu,xgrigorescupf@ebay.com,Male,205.69.43.133
917,Northrup,Eckery,neckerypg@toplist.cz,Male,238.156.27.178
918,Roi,Van Son,rvansonph@woothemes.com,Male,145.189.132.124
919,Burch,Woolger,bwoolgerpi@qq.com,Male,146.96.174.178
920,Engelbert,Cockin,ecockinpj@irs.gov,Bigender,107.229.34.159
921,Dyanne,Karmel,dkarmelpk@huffingtonpost.com,Female,211.11.187.91
922,Shanda,Bridgement,sbridgementpl@i2i.jp,Female,176.232.233.148
923,Kaitlin,Perdue,kperduepm@state.gov,Female,236.150.249.17
924,Valle,Bowser,vbowserpn@yale.edu,Bigender,196.37.213.118
925,Mabel,Fetherstonhaugh,mfetherstonhaughpo@weebly.com,Female,225.212.207.51
926,Isidoro,Pleaden,ipleadenpp@com.com,Male,5.147.52.153
927,Isaiah,Morrill,imorrillpq@shinystat.com,Non-binary,105.25.41.241
928,Mechelle,Danielli,mdaniellipr@nydailynews.com,Female,236.201.123.20
929,Rafa,Burriss,rburrissps@ucsd.edu,Bigender,0.126.129.9
930,Rozanne,Pyper,rpyperpt@shop-pro.jp,Female,229.192.68.120
931,Arlinda,Moberley,amoberleypu@discovery.com,Non-binary,4.117.231.172
932,Rachael,Spolton,rspoltonpv@nsw.gov.au,Female,161.17.228.179
933,Andie,Brik,abrikpw@google.de,Female,128.50.229.100
934,Marcile,Maile,mmailepx@dyndns.org,Female,133.49.109.41
935,Kata,Rzehorz,krzehorzpy@cafepress.com,Female,94.59.208.105
936,Joella,Creeber,jcreeberpz@bandcamp.com,Female,163.95.58.37
937,Brittany,Rudman,brudmanq0@google.ru,Genderfluid,39.120.245.179
938,Kermie,Pring,kpringq1@google.pl,Male,205.139.100.85
939,Rafaellle,Hobben,rhobbenq2@wikispaces.com,Male,183.75.107.72
940,Lou,Knewstubb,lknewstubbq3@epa.gov,Female,9.191.173.64
941,Wilfrid,Rolstone,wrolstoneq4@upenn.edu,Male,94.24.210.19
942,Florella,Grewar,fgrewarq5@zimbio.com,Female,156.14.62.2
943,Chen,Maxsted,cmaxstedq6@about.me,Male,117.174.47.209
944,Sibel,Myall,smyallq7@mac.com,Female,211.65.25.71
945,Chadwick,Wimbury,cwimburyq8@wunderground.com,Genderfluid,32.78.177.215
946,Nevile,Ramage,nramageq9@cam.ac.uk,Male,172.123.66.135
947,Tomaso,Itskovitz,titskovitzqa@cocolog-nifty.com,Male,51.191.50.120
948,Murry,Veschambre,mveschambreqb@storify.com,Male,106.10.161.150
949,Ermanno,Bosson,ebossonqc@over-blog.com,Male,107.40.187.161
950,Tessi,Panketh,tpankethqd@indiegogo.com,Female,167.142.137.180
951,Lorine,Dicker,ldickerqe@storify.com,Genderqueer,152.2.71.105
952,Corina,Jemison,cjemisonqf@harvard.edu,Female,26.234.182.61
953,Bax,Calam,bcalamqg@ebay.com,Male,144.193.97.18
954,Magdaia,Vannuccinii,mvannucciniiqh@deviantart.com,Female,144.34.34.13
955,Cyrillus,Bestar,cbestarqi@cyberchimps.com,Male,249.67.202.191
956,Tomasina,Nashe,tnasheqj@vkontakte.ru,Female,49.175.210.124
957,Boris,Szymanowicz,bszymanowiczqk@prnewswire.com,Male,49.50.49.54
958,Roch,Scholtz,rscholtzql@biblegateway.com,Non-binary,73.108.99.118
959,Petra,Verty,pvertyqm@themeforest.net,Genderfluid,126.205.116.145
960,Bethena,Lockery,blockeryqn@usda.gov,Female,120.71.247.83
961,Jodie,Gath,jgathqo@prnewswire.com,Female,50.212.157.88
962,Torr,Sywell,tsywellqp@cmu.edu,Male,234.156.215.163
963,Benn,Unworth,bunworthqq@photobucket.com,Male,198.68.89.202
964,Beverie,Zeplin,bzeplinqr@icq.com,Female,170.172.209.195
965,Nanine,Learned,nlearnedqs@theatlantic.com,Female,0.155.189.176
966,Nickie,Haster,nhasterqt@livejournal.com,Female,49.106.113.248
967,Catina,Kleinstub,ckleinstubqu@sogou.com,Female,116.131.217.2
968,Ram,Vaudre,rvaudreqv@desdev.cn,Male,241.48.83.184
969,Pattie,McPartlin,pmcpartlinqw@shareasale.com,Non-binary,101.55.6.201
970,Merrick,Salisbury,msalisburyqx@istockphoto.com,Male,94.110.118.225
971,Berke,Alecock,balecockqy@wordpress.com,Male,183.209.59.163
972,Teddy,Eck,teckqz@prlog.org,Female,248.108.153.12
973,Britt,Heaysman,bheaysmanr0@cbslocal.com,Male,216.125.117.67
974,Hailey,Malarkey,hmalarkeyr1@com.com,Genderfluid,4.155.241.25
975,Rosita,Ledford,rledfordr2@stanford.edu,Female,144.232.25.172
976,Lauree,Drowsfield,ldrowsfieldr3@miitbeian.gov.cn,Female,150.200.121.109
977,Bil,Brealey,bbrealeyr4@cbsnews.com,Male,123.146.10.84
978,Sam,Jeaves,sjeavesr5@scribd.com,Male,31.103.108.30
979,Celinka,Banghe,cbangher6@uol.com.br,Female,81.168.233.84
980,Ilario,Childerley,ichilderleyr7@webs.com,Male,68.159.2.47
981,Sebastian,Wetter,swetterr8@tumblr.com,Male,0.68.44.103
982,Ellene,Ritson,eritsonr9@angelfire.com,Female,4.35.47.36
983,Esmeralda,Breming,ebremingra@imdb.com,Bigender,118.207.206.79
984,Lilyan,Beedle,lbeedlerb@parallels.com,Female,253.180.188.55
985,Enoch,Blonfield,eblonfieldrc@ft.com,Male,251.117.70.250
986,Estell,Elvidge,eelvidgerd@theglobeandmail.com,Female,179.218.186.49
987,Bart,Swannie,bswanniere@multiply.com,Male,221.209.157.174
988,Berke,Buckett,bbuckettrf@tinyurl.com,Male,219.64.112.248
989,Harry,Stretton,hstrettonrg@icq.com,Male,14.87.43.154
990,Candie,Rydeard,crydeardrh@flavors.me,Female,134.228.132.41
991,Robers,Jiru,rjiruri@ftc.gov,Male,16.13.19.145
992,Jojo,O' Timony,jotimonyrj@sogou.com,Female,191.52.64.36
993,Ferd,Pitkeathly,fpitkeathlyrk@springer.com,Bigender,53.251.164.201
994,Caritta,Simkin,csimkinrl@homestead.com,Female,164.65.89.134
995,Vivien,Grzesiak,vgrzesiakrm@fotki.com,Female,11.233.24.241
996,Cyrus,Danev,cdanevrn@google.cn,Male,183.172.217.14
997,Hallsy,Rousel,hrouselro@webnode.com,Male,211.57.225.76
998,Reinhold,Ronald,rronaldrp@cnbc.com,Male,196.163.196.189
999,Alf,Villiers,avilliersrq@prnewswire.com,Male,72.95.126.177
1000,Randee,Glitherow,rglitherowrr@earthlink.net,Female,53.62.102.245
