id	first_name	last_name	email	gender	ip_address	id	first_name	last_name	
1	Con	Fassan	cfassan0@ox.ac.uk	Female	91.210.105.63	1	Con	Fassan	
2	Albertine	Banbridge	abanbridge1@pbs.org	Genderfluid	13.115.180.58	2	Albertine	Banbridge	
3	Jeffie	Goakes	jgoakes2@unesco.org	Male	162.229.215.231	3	Jeffie	Goakes	
4	Arleen	Wessing	awessing3@blogs.com	Female	182.108.212.135	4	Arleen	Wessing	
5	Osborne	Hansen	ohansen4@epa.gov	Male	106.146.229.157	5	Osborne	Hansen	
6	Flem	Shay	fshay5@cdc.gov	Male	167.78.154.9	6	Flem	Shay	
7	Jesse	Fillery	jfillery6@simplemachines.org	Male	27.77.8.62	7	Jesse	Fillery	
8	Diane-marie	Davidde	ddavidde7@japanpost.jp	Female	61.248.104.83	8	Diane-marie	Davidde	
9	Irene	Duggan	iduggan8@github.io	Female	217.5.17.17	9	Irene	Duggan	
10	Palm	Cowoppe	pcowoppe9@reuters.com	Male	109.74.244.113	10	Palm	Cowoppe	
11	Xylia	McKenny	xmckennya@networkadvertising.org	Female	59.214.6.62	11	Xylia	McKenny	
12	Steward	McKennan	smckennanb@fda.gov	Male	217.184.164.134	12	Steward	McKennan	
13	Cortney	Worssam	cworssamc@dropbox.com	Bigender	44.9.219.106	13	Cortney	Worssam	
14	Dorolice	Kik	dkikd@reuters.com	Female	188.151.163.61	14	Dorolice	Kik	
15	Leola	Oxford	loxforde@go.com	Bigender	231.118.231.2	15	Leola	Oxford	
16	Cointon	Friel	cfrielf@nydailynews.com	Male	16.196.143.165	16	Cointon	Friel	
17	Chicky	Ziebart	cziebartg@gmpg.org	Female	198.49.86.169	17	Chicky	Ziebart	
18	Marlow	Swepson	mswepsonh@cbslocal.com	Male	75.212.225.184	18	Marlow	Swepson	
19	Liva	Brassill	lbrassilli@cyberchimps.com	Female	254.134.88.44	19	Liva	Brassill	
20	Goldi	Coverlyn	gcoverlynj@cnbc.com	Female	85.240.189.83	20	Goldi	Coverlyn	
21	Claudius	Januszewski	cjanuszewskik@shop-pro.jp	Male	162.111.25.174	21	Claudius	Januszewski	
22	Morley	Murrock	mmurrockl@stumbleupon.com	Male	37.32.180.79	22	Morley	Murrock	
23	Andris	McPhilemy	amcphilemym@vistaprint.com	Male	67.23.163.29	23	Andris	McPhilemy	
24	Deni	Savage	dsavagen@seesaa.net	Female	147.136.187.109	24	Deni	Savage	
25	Staci	Bockmaster	sbockmastero@bigcartel.com	Female	8.237.195.177	25	Staci	Bockmaster	
26	Evelyn	Dytham	edythamp@friendfeed.com	Male	71.213.74.223	26	Evelyn	Dytham	
27	Gertie	Fishburn	gfishburnq@columbia.edu	Female	111.142.148.124	27	Gertie	Fishburn	
28	Courtney	Norquay	cnorquayr@livejournal.com	Male	239.186.37.217	28	Courtney	Norquay	
29	Tamiko	MacMechan	tmacmechans@cargocollective.com	Female	227.223.91.156	29	Tamiko	MacMechan	
30	Hallie	Simonett	hsimonettt@issuu.com	Female	44.110.23.77	30	Hallie	Simonett	
31	Guenna	Wassell	gwassellu@economist.com	Female	149.35.78.47	31	Guenna	Wassell	
32	Karoly	Fielding	kfieldingv@myspace.com	Male	44.63.227.161	32	Karoly	Fielding	
33	Gael	Dugdale	gdugdalew@themeforest.net	Male	111.130.140.99	33	Gael	Dugdale	
34	Karel	Tripean	ktripeanx@senate.gov	Male	196.153.27.115	34	Karel	Tripean	
35	Neill	Denizet	ndenizety@usgs.gov	Male	2.32.26.78	35	Neill	Denizet	
36	Akim	Soares	asoaresz@indiegogo.com	Male	180.224.150.149	36	Akim	Soares	
37	Hamilton	Yoxall	hyoxall10@ebay.com	Male	139.93.247.199	37	Hamilton	Yoxall	
38	Hannah	Ibbotson	hibbotson11@goo.ne.jp	Female	73.118.210.51	38	Hannah	Ibbotson	
39	Kelcie	Darree	kdarree12@soup.io	Female	221.35.134.145	39	Kelcie	Darree	
40	Ben	Gately	bgately13@nba.com	Male	169.234.170.136	40	Ben	Gately	
41	Mercy	Kubik	mkubik14@nsw.gov.au	Female	211.228.123.251	41	Mercy	Kubik	
42	Nikolai	Snelgar	nsnelgar15@weibo.com	Male	230.218.56.238	42	Nikolai	Snelgar	
43	Tull	Chasson	tchasson16@simplemachines.org	Male	56.94.191.97	43	Tull	Chasson	
44	Gris	Lambarth	glambarth17@redcross.org	Male	180.117.178.125	44	Gris	Lambarth	
45	Ronnie	Boulds	rboulds18@photobucket.com	Female	45.111.4.46	45	Ronnie	Boulds	
46	Loralyn	Tipper	ltipper19@friendfeed.com	Female	73.101.234.48	46	Loralyn	Tipper	
47	Nolan	Basley	nbasley1a@timesonline.co.uk	Male	15.122.138.114	47	Nolan	Basley	
48	Joachim	Gowans	jgowans1b@vinaora.com	Male	40.155.100.40	48	Joachim	Gowans	
49	Pavel	Silverston	psilverston1c@ebay.co.uk	Male	165.0.80.97	49	Pavel	Silverston	
50	Sibelle	Prantoni	sprantoni1d@digg.com	Female	239.43.38.181	50	Sibelle	Prantoni	
51	Cecil	Castana	ccastana1e@sohu.com	Male	255.250.99.37	51	Cecil	Castana	
52	Gaspar	Goldes	ggoldes1f@psu.edu	Male	86.101.193.176	52	Gaspar	Goldes	
53	Gretna	Knightley	gknightley1g@hhs.gov	Female	159.203.54.24	53	Gretna	Knightley	
54	Jenica	Skinn	jskinn1h@nsw.gov.au	Female	236.207.201.221	54	Jenica	Skinn	
55	Marlene	Godridge	mgodridge1i@bloglovin.com	Female	230.123.132.67	55	Marlene	Godridge	
56	Timmi	Serrell	tserrell1j@w3.org	Female	62.69.225.162	56	Timmi	Serrell	
57	Daphene	Yusupov	dyusupov1k@economist.com	Female	120.40.134.79	57	Daphene	Yusupov	
58	Viki	Darlasson	vdarlasson1l@marketwatch.com	Female	110.129.53.93	58	Viki	Darlasson	
59	Kimberley	Bonellie	kbonellie1m@unesco.org	Female	194.194.45.37	59	Kimberley	Bonellie	
60	Barb	Chrestien	bchrestien1n@123-reg.co.uk	Female	126.69.61.24	60	Barb	Chrestien	
61	Ashlan	Blumsom	ablumsom1o@cafepress.com	Female	160.231.63.216	61	Ashlan	Blumsom	
62	Dacie	Dudding	ddudding1p@webmd.com	Female	70.237.39.37	62	Dacie	Dudding	
63	Staffard	Robottham	srobottham1q@tripod.com	Male	80.228.219.7	63	Staffard	Robottham	
64	Lamar	Kennard	lkennard1r@ted.com	Male	112.82.245.140	64	Lamar	Kennard	
65	Lenora	Pledge	lpledge1s@zdnet.com	Female	30.215.4.43	65	Lenora	Pledge	
66	Whitman	Ansley	wansley1t@blogs.com	Male	64.235.189.210	66	Whitman	Ansley	
67	Enrique	Stiger	estiger1u@bloomberg.com	Male	156.201.98.58	67	Enrique	Stiger	
68	Nani	Hillock	nhillock1v@t.co	Female	109.33.217.78	68	Nani	Hillock	
69	Hamnet	Okell	hokell1w@narod.ru	Male	246.4.170.3	69	Hamnet	Okell	
70	Janina	Seeney	jseeney1x@noaa.gov	Female	227.238.40.150	70	Janina	Seeney	
71	Geordie	Lenihan	glenihan1y@bravesites.com	Male	30.237.197.209	71	Geordie	Lenihan	
72	Jobyna	Niemiec	jniemiec1z@lulu.com	Agender	209.229.185.123	72	Jobyna	Niemiec	
73	Adriaens	Bedo	abedo20@bing.com	Female	10.148.149.157	73	Adriaens	Bedo	
74	Sean	Sabbins	ssabbins21@geocities.jp	Genderfluid	90.234.199.90	74	Sean	Sabbins	
75	Barby	Olfert	bolfert22@microsoft.com	Female	16.138.191.131	75	Barby	Olfert	
76	Pete	Veazey	pveazey23@auda.org.au	Male	201.30.21.81	76	Pete	Veazey	
77	Jarvis	Hackforth	jhackforth24@bbc.co.uk	Male	20.213.47.5	77	Jarvis	Hackforth	
78	Delainey	Davidy	ddavidy25@howstuffworks.com	Male	156.139.221.214	78	Delainey	Davidy	
79	Etienne	Carnell	ecarnell26@w3.org	Male	17.127.238.35	79	Etienne	Carnell	
80	Franzen	Olivera	folivera27@ow.ly	Male	175.155.165.196	80	Franzen	Olivera	
81	Gregoor	Hymer	ghymer28@omniture.com	Male	128.149.20.231	81	Gregoor	Hymer	
82	Raymund	Shapiro	rshapiro29@omniture.com	Male	45.188.22.229	82	Raymund	Shapiro	
83	Hayden	Sarsfield	hsarsfield2a@yahoo.co.jp	Male	179.214.23.14	83	Hayden	Sarsfield	
84	Butch	Sambrook	bsambrook2b@dailymotion.com	Polygender	107.100.98.78	84	Butch	Sambrook	
85	Kara-lynn	Spir	kspir2c@mail.ru	Female	187.61.207.191	85	Kara-lynn	Spir	
86	Petey	Grichukhanov	pgrichukhanov2d@sciencedirect.com	Male	96.131.151.219	86	Petey	Grichukhanov	
87	Jerrie	Albone	jalbone2e@wordpress.com	Male	192.148.123.199	87	Jerrie	Albone	
88	Cullen	Maciejak	cmaciejak2f@dedecms.com	Male	111.154.195.100	88	Cullen	Maciejak	
89	Jackie	Scopes	jscopes2g@skyrock.com	Male	192.194.158.232	89	Jackie	Scopes	
90	Ddene	Boyford	dboyford2h@alexa.com	Female	234.149.25.187	90	Ddene	Boyford	
91	Hamil	Thome	hthome2i@123-reg.co.uk	Male	151.128.171.42	91	Hamil	Thome	
92	Wes	Taphouse	wtaphouse2j@lycos.com	Male	137.249.238.190	92	Wes	Taphouse	
93	Jareb	Sedgeworth	jsedgeworth2k@reuters.com	Genderfluid	217.27.136.231	93	Jareb	Sedgeworth	
94	Brana	Lampaert	blampaert2l@nsw.gov.au	Female	16.252.140.38	94	Brana	Lampaert	
95	Walker	Falconer	wfalconer2m@furl.net	Male	115.234.68.32	95	Walker	Falconer	
96	Barclay	Petricek	bpetricek2n@networksolutions.com	Male	49.22.124.85	96	Barclay	Petricek	
97	Elroy	Brisley	ebrisley2o@ow.ly	Male	55.120.225.205	97	Elroy	Brisley	
98	Chandal	Stenners	cstenners2p@artisteer.com	Female	76.240.106.246	98	Chandal	Stenners	
99	Harper	Borrett	hborrett2q@lulu.com	Male	252.147.55.62	99	Harper	Borrett	
100	Maurizia	Aubry	maubry2r@reverbnation.com	Female	77.174.4.249	100	Maurizia	Aubry	
101	Devy	Isaacson	disaacson2s@cornell.edu	Male	114.19.137.137	101	Devy	Isaacson	
102	Adelaide	Threadgold	athreadgold2t@wisc.edu	Genderfluid	48.121.141.65	102	Adelaide	Threadgold	
103	Gilligan	Beams	gbeams2u@de.vu	Female	223.119.213.227	103	Gilligan	Beams	
104	Carolynn	Gabe	cgabe2v@comcast.net	Female	113.193.69.105	104	Carolynn	Gabe	
105	Edithe	Dabes	edabes2w@state.gov	Female	213.187.229.229	105	Edithe	Dabes	
106	Josias	Brisley	jbrisley2x@army.mil	Polygender	151.7.236.88	106	Josias	Brisley	
107	Sharity	Dimelow	sdimelow2y@google.ca	Female	210.51.4.213	107	Sharity	Dimelow	
108	Saundra	O'Griffin	sogriffin2z@over-blog.com	Male	95.249.208.37	108	Saundra	O'Griffin	
109	Hatti	Dietzler	hdietzler30@auda.org.au	Bigender	255.191.196.207	109	Hatti	Dietzler	
110	Morena	Halburton	mhalburton31@independent.co.uk	Female	227.234.179.84	110	Morena	Halburton	
111	Peder	O'Curran	pocurran32@howstuffworks.com	Male	25.182.177.242	111	Peder	O'Curran	
112	Nilson	Bergin	nbergin33@simplemachines.org	Male	101.18.40.157	112	Nilson	Bergin	
113	Farly	Pettus	fpettus34@youku.com	Male	244.154.229.181	113	Farly	Pettus	
114	Dunc	Landor	dlandor35@multiply.com	Male	128.17.219.154	114	Dunc	Landor	
115	Carrol	Weeks	cweeks36@biglobe.ne.jp	Male	25.147.15.220	115	Carrol	Weeks	
116	Marylinda	Duinbleton	mduinbleton37@europa.eu	Female	228.120.168.111	116	Marylinda	Duinbleton	
117	Chauncey	Toe	ctoe38@i2i.jp	Male	118.254.188.235	117	Chauncey	Toe	
118	Lorene	Tiffany	ltiffany39@diigo.com	Female	173.69.246.158	118	Lorene	Tiffany	
119	Darice	Crevagh	dcrevagh3a@toplist.cz	Polygender	229.223.184.107	119	Darice	Crevagh	
120	Mitchael	Boydell	mboydell3b@elpais.com	Male	126.161.220.209	120	Mitchael	Boydell	
121	Angelica	Gallyhaock	agallyhaock3c@twitpic.com	Female	79.124.123.199	121	Angelica	Gallyhaock	
122	Katina	Nealy	knealy3d@mayoclinic.com	Female	13.34.205.148	122	Katina	Nealy	
123	Binny	Hattrick	bhattrick3e@goo.ne.jp	Female	44.224.28.112	123	Binny	Hattrick	
124	Karly	Demare	kdemare3f@amazonaws.com	Female	146.60.38.73	124	Karly	Demare	
125	Remington	Balsellie	rbalsellie3g@msn.com	Male	235.151.68.111	125	Remington	Balsellie	
126	Homere	Deacon	hdeacon3h@shutterfly.com	Male	182.67.106.25	126	Homere	Deacon	
127	Jasmina	Brede	jbrede3i@goodreads.com	Female	182.12.82.16	127	Jasmina	Brede	
128	Farleigh	McCormick	fmccormick3j@topsy.com	Male	248.42.246.21	128	Farleigh	McCormick	
129	Karalynn	Jacson	kjacson3k@businessweek.com	Female	19.225.200.114	129	Karalynn	Jacson	
130	Karol	Cragoe	kcragoe3l@blogs.com	Female	208.159.100.25	130	Karol	Cragoe	
131	Rurik	Swinnerton	rswinnerton3m@instagram.com	Male	116.102.231.18	131	Rurik	Swinnerton	
132	Carl	Smalles	csmalles3n@istockphoto.com	Male	230.143.64.211	132	Carl	Smalles	
133	Bartholomeo	Cary	bcary3o@godaddy.com	Male	195.24.154.38	133	Bartholomeo	Cary	
134	Jules	Lindell	jlindell3p@washington.edu	Male	75.173.56.221	134	Jules	Lindell	
135	Taddeo	Foale	tfoale3q@aol.com	Male	196.63.246.122	135	Taddeo	Foale	
136	Harley	Ebsworth	hebsworth3r@technorati.com	Male	197.27.37.131	136	Harley	Ebsworth	
137	Pearle	Crose	pcrose3s@nbcnews.com	Female	161.51.159.136	137	Pearle	Crose	
138	Mendy	Cowey	mcowey3t@msn.com	Male	241.186.237.193	138	Mendy	Cowey	
139	Theodore	Pinching	tpinching3u@jigsy.com	Male	205.248.187.221	139	Theodore	Pinching	
140	Danita	Duffil	dduffil3v@drupal.org	Female	166.123.19.134	140	Danita	Duffil	
141	Iseabal	Kelshaw	ikelshaw3w@lulu.com	Female	234.3.246.13	141	Iseabal	Kelshaw	
142	Misty	Piffe	mpiffe3x@smh.com.au	Female	104.137.234.78	142	Misty	Piffe	
143	Giulio	De Mitri	gdemitri3y@shop-pro.jp	Male	218.75.26.113	143	Giulio	De Mitri	
144	Maia	D'Adda	mdadda3z@state.gov	Female	150.146.222.186	144	Maia	D'Adda	
145	Jasmin	Eaglestone	jeaglestone40@china.com.cn	Female	245.64.44.202	145	Jasmin	Eaglestone	
146	Malcolm	Ruperti	mruperti41@wikispaces.com	Male	228.172.27.156	146	Malcolm	Ruperti	
147	Emlynne	Feeny	efeeny42@comcast.net	Female	146.188.86.53	147	Emlynne	Feeny	
148	Delores	Frigout	dfrigout43@gmpg.org	Female	62.81.217.104	148	Delores	Frigout	
149	Griffith	Jamot	gjamot44@archive.org	Male	120.25.94.72	149	Griffith	Jamot	
150	See	Presdie	spresdie45@eventbrite.com	Male	235.184.85.120	150	See	Presdie	
151	Gerladina	Hawthorne	ghawthorne46@nasa.gov	Female	140.108.91.114	151	Gerladina	Hawthorne	
152	Dena	Kitman	dkitman47@webmd.com	Female	193.27.80.238	152	Dena	Kitman	
153	Mayor	Bamlet	mbamlet48@stumbleupon.com	Male	85.7.245.41	153	Mayor	Bamlet	
154	Adham	McLeary	amcleary49@networksolutions.com	Male	162.227.127.5	154	Adham	McLeary	
155	Bonnie	Cato	bcato4a@prlog.org	Female	207.115.5.137	155	Bonnie	Cato	
156	Prince	Rookeby	prookeby4b@google.cn	Male	118.202.75.53	156	Prince	Rookeby	
157	Dominique	Caesar	dcaesar4c@cbc.ca	Female	98.151.124.134	157	Dominique	Caesar	
158	Reed	Gillan	rgillan4d@bravesites.com	Male	104.170.197.25	158	Reed	Gillan	
159	Standford	Caiger	scaiger4e@cyberchimps.com	Male	76.211.142.149	159	Standford	Caiger	
160	Barri	Cossum	bcossum4f@msn.com	Male	209.50.161.216	160	Barri	Cossum	
161	Garnet	Dudman	gdudman4g@yellowbook.com	Female	89.135.178.246	161	Garnet	Dudman	
162	Emili	Overstreet	eoverstreet4h@cargocollective.com	Female	153.203.110.208	162	Emili	Overstreet	
163	Gloria	Slym	gslym4i@123-reg.co.uk	Female	232.245.196.82	163	Gloria	Slym	
164	Hannah	Doddemeade	hdoddemeade4j@ifeng.com	Female	104.186.178.228	164	Hannah	Doddemeade	
165	Katharine	Ferrillio	kferrillio4k@wunderground.com	Female	218.29.104.174	165	Katharine	Ferrillio	
166	Elaina	Chevis	echevis4l@chronoengine.com	Female	13.79.209.32	166	Elaina	Chevis	
167	Rubi	Crabtree	rcrabtree4m@abc.net.au	Female	153.100.89.104	167	Rubi	Crabtree	
168	Nance	Titterell	ntitterell4n@angelfire.com	Female	78.61.23.69	168	Nance	Titterell	
169	Salvatore	McGrail	smcgrail4o@craigslist.org	Male	106.21.76.197	169	Salvatore	McGrail	
170	Laurette	Finnis	lfinnis4p@harvard.edu	Polygender	44.148.251.102	170	Laurette	Finnis	
171	Barnett	Girvan	bgirvan4q@woothemes.com	Male	61.112.223.220	171	Barnett	Girvan	
172	Lombard	Stockbridge	lstockbridge4r@illinois.edu	Non-binary	52.229.247.82	172	Lombard	Stockbridge	
173	Melita	Connochie	mconnochie4s@va.gov	Female	172.197.178.50	173	Melita	Connochie	
174	Phillis	Warcop	pwarcop4t@soundcloud.com	Female	58.214.226.159	174	Phillis	Warcop	
175	Husein	Kleinpeltz	hkleinpeltz4u@tmall.com	Male	91.254.209.11	175	Husein	Kleinpeltz	
176	Anatola	Elwin	aelwin4v@reuters.com	Female	155.160.29.170	176	Anatola	Elwin	
177	Constantia	Grinaway	cgrinaway4w@fotki.com	Female	188.140.224.83	177	Constantia	Grinaway	
178	Holden	Barrington	hbarrington4x@miibeian.gov.cn	Male	222.157.134.109	178	Holden	Barrington	
179	Ermengarde	Buncombe	ebuncombe4y@telegraph.co.uk	Female	177.142.192.245	179	Ermengarde	Buncombe	
180	Sukey	Ghest	sghest4z@upenn.edu	Female	49.91.101.20	180	Sukey	Ghest	
181	Gerty	Schollick	gschollick50@fc2.com	Female	180.194.154.214	181	Gerty	Schollick	
182	Stephanus	Hiers	shiers51@tinypic.com	Male	132.175.10.34	182	Stephanus	Hiers	
183	Hymie	McDuffie	hmcduffie52@123-reg.co.uk	Male	172.33.43.227	183	Hymie	McDuffie	
184	Manfred	Walesa	mwalesa53@odnoklassniki.ru	Male	103.125.4.59	184	Manfred	Walesa	
185	Lyssa	Boulder	lboulder54@aol.com	Genderqueer	21.200.92.254	185	Lyssa	Boulder	
186	Leoline	Zamorrano	lzamorrano55@mapquest.com	Bigender	168.200.227.233	186	Leoline	Zamorrano	
187	Waverly	Tremberth	wtremberth56@bravesites.com	Male	192.243.74.121	187	Waverly	Tremberth	
188	Roby	Claye	rclaye57@ft.com	Female	165.92.75.154	188	Roby	Claye	
189	Dex	Premble	dpremble58@google.fr	Genderfluid	8.150.40.139	189	Dex	Premble	
190	Kelbee	Varnham	kvarnham59@imageshack.us	Male	170.236.24.13	190	Kelbee	Varnham	
191	Hunt	Eadmeads	headmeads5a@bloomberg.com	Male	254.252.83.136	191	Hunt	Eadmeads	
192	Grange	Maudling	gmaudling5b@hostgator.com	Male	3.64.73.42	192	Grange	Maudling	
193	Uriel	Haslum	uhaslum5c@amazon.co.uk	Male	246.252.227.180	193	Uriel	Haslum	
194	Charlie	Chilver	cchilver5d@senate.gov	Male	122.100.40.15	194	Charlie	Chilver	
195	Bail	Brayson	bbrayson5e@gmpg.org	Male	229.2.219.39	195	Bail	Brayson	
196	Ruthi	Poznanski	rpoznanski5f@tinyurl.com	Female	54.162.91.137	196	Ruthi	Poznanski	
197	Starlene	Trevascus	strevascus5g@amazon.co.uk	Female	89.254.20.166	197	Starlene	Trevascus	
198	Griffie	McGauhy	gmcgauhy5h@foxnews.com	Non-binary	110.158.10.122	198	Griffie	McGauhy	
199	Nataniel	Matisoff	nmatisoff5i@bravesites.com	Male	111.47.16.191	199	Nataniel	Matisoff	
200	Neala	Ruddell	nruddell5j@gnu.org	Female	140.160.32.68	200	Neala	Ruddell	
201	Pattin	Fiveash	pfiveash5k@tuttocitta.it	Male	177.117.0.170	201	Pattin	Fiveash	
202	Shawna	Townshend	stownshend5l@g.co	Female	164.255.118.16	202	Shawna	Townshend	
203	Urbano	Drakes	udrakes5m@taobao.com	Male	236.128.2.206	203	Urbano	Drakes	
204	Arnoldo	Kneath	akneath5n@drupal.org	Male	58.170.159.84	204	Arnoldo	Kneath	
205	Gwendolin	McGeraghty	gmcgeraghty5o@google.com.au	Female	97.46.42.92	205	Gwendolin	McGeraghty	
206	Maximilien	Axcel	maxcel5p@about.me	Male	87.39.70.196	206	Maximilien	Axcel	
207	Lucille	Gudahy	lgudahy5q@trellian.com	Female	227.43.175.249	207	Lucille	Gudahy	
208	Morry	Shard	mshard5r@seattletimes.com	Male	219.9.17.113	208	Morry	Shard	
209	Ketty	Burkinshaw	kburkinshaw5s@aboutads.info	Female	132.1.36.132	209	Ketty	Burkinshaw	
210	Roderigo	Favey	rfavey5t@jalbum.net	Male	241.147.127.57	210	Roderigo	Favey	
211	Sig	Khoter	skhoter5u@ezinearticles.com	Male	240.189.178.211	211	Sig	Khoter	
212	Kirstyn	Gillyett	kgillyett5v@prlog.org	Female	57.229.216.187	212	Kirstyn	Gillyett	
213	Sianna	Poulden	spoulden5w@soup.io	Female	28.133.174.118	213	Sianna	Poulden	
214	Jody	Josefs	jjosefs5x@lycos.com	Male	119.201.72.131	214	Jody	Josefs	
215	Trix	O'Noland	tonoland5y@jugem.jp	Female	148.212.243.119	215	Trix	O'Noland	
216	Rourke	Staples	rstaples5z@posterous.com	Male	125.217.16.106	216	Rourke	Staples	
217	Annetta	MacWhan	amacwhan60@kickstarter.com	Female	185.185.112.238	217	Annetta	MacWhan	
218	Aliza	Medhurst	amedhurst61@reference.com	Female	128.187.144.81	218	Aliza	Medhurst	
219	Rodrigo	Milverton	rmilverton62@ameblo.jp	Male	95.24.96.34	219	Rodrigo	Milverton	
220	Jae	Rapper	jrapper63@1688.com	Polygender	90.33.163.134	220	Jae	Rapper	
221	Valeda	Room	vroom64@sogou.com	Female	223.75.231.210	221	Valeda	Room	
222	Phylys	Hanburry	phanburry65@rakuten.co.jp	Female	222.106.40.176	222	Phylys	Hanburry	
223	Meridel	Rizzini	mrizzini66@diigo.com	Female	147.253.153.160	223	Meridel	Rizzini	
224	Beauregard	Machen	bmachen67@biglobe.ne.jp	Male	152.157.209.7	224	Beauregard	Machen	
225	Nappie	Ardley	nardley68@sfgate.com	Male	244.168.114.125	225	Nappie	Ardley	
226	Leonerd	Linklet	llinklet69@behance.net	Male	103.55.241.226	226	Leonerd	Linklet	
227	Lonee	Gofforth	lgofforth6a@europa.eu	Polygender	146.203.49.132	227	Lonee	Gofforth	
228	Maurene	Maeer	mmaeer6b@latimes.com	Female	27.49.122.86	228	Maurene	Maeer	
229	Cullin	Bedinn	cbedinn6c@netvibes.com	Male	194.209.40.214	229	Cullin	Bedinn	
230	Victor	Alennikov	valennikov6d@arstechnica.com	Male	121.141.15.220	230	Victor	Alennikov	
231	Lorinda	McGillacoell	lmcgillacoell6e@china.com.cn	Female	194.209.181.249	231	Lorinda	McGillacoell	
232	Alaine	McLuckie	amcluckie6f@people.com.cn	Female	43.122.141.47	232	Alaine	McLuckie	
233	Rhys	Issacson	rissacson6g@stumbleupon.com	Male	152.234.52.60	233	Rhys	Issacson	
234	Livvyy	Eckhard	leckhard6h@slashdot.org	Female	90.4.159.178	234	Livvyy	Eckhard	
235	Farlie	Osgerby	fosgerby6i@youtu.be	Male	83.245.59.150	235	Farlie	Osgerby	
236	Cecil	Paddell	cpaddell6j@e-recht24.de	Female	235.254.119.120	236	Cecil	Paddell	
237	Daisie	Cornelius	dcornelius6k@icio.us	Female	93.171.176.236	237	Daisie	Cornelius	
238	Garrot	Golson	ggolson6l@desdev.cn	Male	172.178.243.96	238	Garrot	Golson	
239	Adi	Coyish	acoyish6m@microsoft.com	Female	252.145.89.144	239	Adi	Coyish	
240	Gilemette	Bromont	gbromont6n@bing.com	Agender	196.32.231.225	240	Gilemette	Bromont	
241	Carl	Willgress	cwillgress6o@amazon.com	Male	175.246.193.133	241	Carl	Willgress	
242	Riccardo	Batiste	rbatiste6p@weebly.com	Male	228.34.197.36	242	Riccardo	Batiste	
243	Wye	Hindrick	whindrick6q@tiny.cc	Male	119.211.224.25	243	Wye	Hindrick	
244	Erasmus	Flury	eflury6r@mail.ru	Male	180.167.49.137	244	Erasmus	Flury	
245	Chaddy	Roscher	croscher6s@omniture.com	Male	88.62.56.131	245	Chaddy	Roscher	
246	Wolfgang	Hatter	whatter6t@thetimes.co.uk	Male	234.238.252.12	246	Wolfgang	Hatter	
247	Gilli	Bend	gbend6u@wix.com	Female	193.145.145.232	247	Gilli	Bend	
248	Madelon	Traher	mtraher6v@yellowpages.com	Female	43.231.98.71	248	Madelon	Traher	
249	Barby	Izachik	bizachik6w@google.nl	Female	147.227.200.107	249	Barby	Izachik	
250	Ilyse	Dorow	idorow6x@dion.ne.jp	Female	58.20.217.73	250	Ilyse	Dorow	
251	Onfre	Allner	oallner6y@redcross.org	Male	184.172.252.62	251	Onfre	Allner	
252	Thibaut	Seares	tseares6z@rambler.ru	Male	114.82.23.214	252	Thibaut	Seares	
253	Netti	Meiningen	nmeiningen70@gnu.org	Female	218.86.22.192	253	Netti	Meiningen	
254	Ellerey	Malamore	emalamore71@jiathis.com	Male	72.148.88.173	254	Ellerey	Malamore	
255	Esma	Grieger	egrieger72@unicef.org	Female	164.49.3.151	255	Esma	Grieger	
256	Vernon	Moughtin	vmoughtin73@hibu.com	Male	188.207.23.144	256	Vernon	Moughtin	
257	Eugenie	Streeter	estreeter74@storify.com	Female	152.112.238.235	257	Eugenie	Streeter	
258	Romeo	Bucktharp	rbucktharp75@shareasale.com	Non-binary	236.87.51.127	258	Romeo	Bucktharp	
259	Harrietta	Wybron	hwybron76@dailymotion.com	Female	123.51.233.185	259	Harrietta	Wybron	
260	Alyda	Quarry	aquarry77@meetup.com	Female	121.217.116.100	260	Alyda	Quarry	
261	Worden	Santora	wsantora78@constantcontact.com	Male	83.58.144.25	261	Worden	Santora	
262	Rosalynd	Colegrove	rcolegrove79@jimdo.com	Female	47.79.8.43	262	Rosalynd	Colegrove	
263	Roddie	Hearon	rhearon7a@bigcartel.com	Male	227.250.40.230	263	Roddie	Hearon	
264	Reggy	Chinery	rchinery7b@soup.io	Male	65.104.2.63	264	Reggy	Chinery	
265	Mureil	Oak	moak7c@slideshare.net	Genderfluid	48.72.22.124	265	Mureil	Oak	
266	Leyla	Barrowclough	lbarrowclough7d@wsj.com	Female	170.143.209.38	266	Leyla	Barrowclough	
267	Milka	Kann	mkann7e@cyberchimps.com	Female	123.182.36.228	267	Milka	Kann	
268	Keely	Chene	kchene7f@last.fm	Female	81.80.243.255	268	Keely	Chene	
269	Bryana	Doyle	bdoyle7g@tripod.com	Non-binary	14.47.250.42	269	Bryana	Doyle	
270	Giovanna	Ciccarelli	gciccarelli7h@drupal.org	Female	14.43.64.154	270	Giovanna	Ciccarelli	
271	Otis	Nafziger	onafziger7i@phpbb.com	Male	64.153.175.57	271	Otis	Nafziger	
272	Tailor	Walczak	twalczak7j@1und1.de	Male	42.174.156.108	272	Tailor	Walczak	
273	Trenna	Craigie	tcraigie7k@newsvine.com	Female	166.42.200.40	273	Trenna	Craigie	
274	Deedee	Snalham	dsnalham7l@free.fr	Female	217.12.106.232	274	Deedee	Snalham	
275	Aida	Earngy	aearngy7m@mlb.com	Female	202.221.150.59	275	Aida	Earngy	
276	Gaile	Johann	gjohann7n@dell.com	Male	202.88.202.170	276	Gaile	Johann	
277	Rustie	Frizell	rfrizell7o@acquirethisname.com	Agender	173.183.96.238	277	Rustie	Frizell	
278	Greggory	Beecham	gbeecham7p@auda.org.au	Male	40.49.142.231	278	Greggory	Beecham	
279	Lothaire	Threadgould	lthreadgould7q@qq.com	Male	153.145.55.104	279	Lothaire	Threadgould	
280	Tawsha	Clavey	tclavey7r@nytimes.com	Agender	206.227.190.49	280	Tawsha	Clavey	
281	Kelsey	Saberton	ksaberton7s@google.co.uk	Male	139.19.56.0	281	Kelsey	Saberton	
282	Mair	Chaytor	mchaytor7t@prweb.com	Female	58.43.108.196	282	Mair	Chaytor	
283	Annadiana	Eden	aeden7u@slideshare.net	Female	2.244.2.140	283	Annadiana	Eden	
284	Denver	Attenbrough	dattenbrough7v@etsy.com	Male	97.177.19.192	284	Denver	Attenbrough	
285	Ned	Lessmare	nlessmare7w@businesswire.com	Male	85.177.30.140	285	Ned	Lessmare	
286	Adelina	Kimmince	akimmince7x@slate.com	Female	61.250.84.164	286	Adelina	Kimmince	
287	Riannon	Prozillo	rprozillo7y@baidu.com	Female	122.252.67.107	287	Riannon	Prozillo	
288	Barr	Wofenden	bwofenden7z@hc360.com	Non-binary	45.27.251.243	288	Barr	Wofenden	
289	Frank	Talman	ftalman80@scientificamerican.com	Male	67.97.170.85	289	Frank	Talman	
290	Hyacinthie	Biddlecombe	hbiddlecombe81@statcounter.com	Female	30.200.118.109	290	Hyacinthie	Biddlecombe	
291	Correy	Quidenham	cquidenham82@webs.com	Male	24.44.12.76	291	Correy	Quidenham	
292	Shae	Ryde	sryde83@tiny.cc	Female	199.26.68.221	292	Shae	Ryde	
293	Stephanus	Borrel	sborrel84@fda.gov	Male	158.78.223.20	293	Stephanus	Borrel	
294	Sanson	McCreary	smccreary85@google.de	Male	167.195.90.29	294	Sanson	McCreary	
295	Carmina	Quarry	cquarry86@bing.com	Female	227.243.236.33	295	Carmina	Quarry	
296	Selestina	Bodker	sbodker87@narod.ru	Female	228.151.100.9	296	Selestina	Bodker	
297	Erik	Meneo	emeneo88@home.pl	Male	144.226.140.255	297	Erik	Meneo	
298	Caitrin	Aughtie	caughtie89@ning.com	Female	189.184.75.24	298	Caitrin	Aughtie	
299	Clemmy	Newborn	cnewborn8a@va.gov	Male	108.158.139.229	299	Clemmy	Newborn	
300	Florentia	Temperley	ftemperley8b@cyberchimps.com	Female	142.106.164.23	300	Florentia	Temperley	
301	Hettie	Cavee	hcavee8c@bluehost.com	Female	125.227.0.20	301	Hettie	Cavee	
302	Hanny	Birmingham	hbirmingham8d@usgs.gov	Female	73.134.208.187	302	Hanny	Birmingham	
303	Artie	Bachshell	abachshell8e@list-manage.com	Male	202.245.157.10	303	Artie	Bachshell	
304	Pearle	Georgi	pgeorgi8f@cloudflare.com	Female	101.27.74.60	304	Pearle	Georgi	
305	Tiebold	Yantsev	tyantsev8g@shinystat.com	Male	169.111.123.89	305	Tiebold	Yantsev	
306	Buddy	Wilmot	bwilmot8h@skyrock.com	Male	72.172.45.160	306	Buddy	Wilmot	
307	Angelia	Franklen	afranklen8i@tripadvisor.com	Female	153.206.208.212	307	Angelia	Franklen	
308	Adoree	Muro	amuro8j@nih.gov	Genderfluid	77.224.190.91	308	Adoree	Muro	
309	Cori	Evered	cevered8k@examiner.com	Male	151.86.39.190	309	Cori	Evered	
310	Adella	Giblin	agiblin8l@whitehouse.gov	Female	131.70.118.99	310	Adella	Giblin	
311	Dasha	Gask	dgask8m@elpais.com	Female	73.33.143.26	311	Dasha	Gask	
312	Humfrey	Schulze	hschulze8n@1688.com	Male	118.49.246.201	312	Humfrey	Schulze	
313	Shae	Giorgione	sgiorgione8o@drupal.org	Male	251.251.222.206	313	Shae	Giorgione	
314	Reina	Siebert	rsiebert8p@japanpost.jp	Female	200.158.161.86	314	Reina	Siebert	
315	Charmian	Elcox	celcox8q@blogs.com	Female	137.224.154.126	315	Charmian	Elcox	
316	Marcie	Pietzke	mpietzke8r@dropbox.com	Female	182.27.170.232	316	Marcie	Pietzke	
317	Waverly	Rove	wrove8s@example.com	Bigender	203.88.11.67	317	Waverly	Rove	
318	Cele	Kasper	ckasper8t@imageshack.us	Female	93.141.191.9	318	Cele	Kasper	
319	Dawn	Simison	dsimison8u@mediafire.com	Female	179.169.121.56	319	Dawn	Simison	
320	Nataniel	Joincey	njoincey8v@abc.net.au	Male	66.64.230.165	320	Nataniel	Joincey	
321	Eloisa	Conibear	econibear8w@123-reg.co.uk	Agender	147.120.46.227	321	Eloisa	Conibear	
322	Kristian	Dawltrey	kdawltrey8x@jigsy.com	Male	212.207.50.162	322	Kristian	Dawltrey	
323	Reg	Bowdidge	rbowdidge8y@dedecms.com	Male	171.110.44.57	323	Reg	Bowdidge	
324	Dilly	Littrik	dlittrik8z@canalblog.com	Male	248.84.142.36	324	Dilly	Littrik	
325	Walden	Tolomelli	wtolomelli90@wiley.com	Male	120.39.191.46	325	Walden	Tolomelli	
326	Vivianna	Gallagher	vgallagher91@dailymail.co.uk	Female	126.40.174.122	326	Vivianna	Gallagher	
327	Roanna	MacScherie	rmacscherie92@statcounter.com	Female	141.203.121.118	327	Roanna	MacScherie	
328	Fanechka	Boyat	fboyat93@altervista.org	Female	56.54.171.131	328	Fanechka	Boyat	
329	Tiler	Litterick	tlitterick94@apache.org	Male	19.214.117.139	329	Tiler	Litterick	
330	Dagny	Shivlin	dshivlin95@businessinsider.com	Male	225.251.206.73	330	Dagny	Shivlin	
331	Magda	Glassopp	mglassopp96@wix.com	Bigender	113.141.241.114	331	Magda	Glassopp	
332	Reube	Blagbrough	rblagbrough97@about.me	Male	197.143.60.57	332	Reube	Blagbrough	
333	Gabriell	Tetther	gtetther98@ovh.net	Genderqueer	78.119.188.51	333	Gabriell	Tetther	
334	Fawn	Laver	flaver99@usda.gov	Female	140.15.84.44	334	Fawn	Laver	
335	Wilton	Leaburn	wleaburn9a@illinois.edu	Male	224.50.183.52	335	Wilton	Leaburn	
336	Brade	Matieu	bmatieu9b@theguardian.com	Male	140.125.211.65	336	Brade	Matieu	
337	Bary	Lening	blening9c@ox.ac.uk	Agender	171.13.54.162	337	Bary	Lening	
338	Ignacio	Branwhite	ibranwhite9d@studiopress.com	Male	114.20.160.40	338	Ignacio	Branwhite	
339	Flossy	Lawson	flawson9e@upenn.edu	Female	3.132.0.7	339	Flossy	Lawson	
340	Tiphany	Livzey	tlivzey9f@nbcnews.com	Female	173.213.70.126	340	Tiphany	Livzey	
341	Lenka	Kirman	lkirman9g@omniture.com	Female	247.133.124.52	341	Lenka	Kirman	
342	Ulrike	Goldring	ugoldring9h@weather.com	Female	113.255.122.9	342	Ulrike	Goldring	
343	Heddi	Kasper	hkasper9i@hibu.com	Female	18.18.54.75	343	Heddi	Kasper	
344	Stace	Jerdon	sjerdon9j@msn.com	Female	90.252.23.167	344	Stace	Jerdon	
345	Dorri	Baudino	dbaudino9k@weather.com	Female	250.204.129.69	345	Dorri	Baudino	
346	Georas	Manie	gmanie9l@scribd.com	Male	44.107.130.138	346	Georas	Manie	
347	Alena	Hofton	ahofton9m@typepad.com	Female	33.226.249.145	347	Alena	Hofton	
348	Rosalia	Winks	rwinks9n@dmoz.org	Female	241.46.105.213	348	Rosalia	Winks	
349	Bibi	Barnwill	bbarnwill9o@nymag.com	Female	166.104.13.132	349	Bibi	Barnwill	
350	Bart	Benoy	bbenoy9p@seesaa.net	Male	37.235.200.112	350	Bart	Benoy	
351	Orin	Eakin	oeakin9q@nifty.com	Male	95.87.42.116	351	Orin	Eakin	
352	Ardis	Cady	acady9r@clickbank.net	Female	98.236.40.121	352	Ardis	Cady	
353	Sheff	Maren	smaren9s@squarespace.com	Male	8.10.106.6	353	Sheff	Maren	
354	Faustina	Jiggen	fjiggen9t@weather.com	Female	44.170.156.187	354	Faustina	Jiggen	
355	Ewell	Jenteau	ejenteau9u@sciencedaily.com	Male	98.37.107.231	355	Ewell	Jenteau	
356	Sally	Glassopp	sglassopp9v@weibo.com	Female	199.170.230.179	356	Sally	Glassopp	
357	Flore	Trewman	ftrewman9w@pcworld.com	Bigender	145.29.61.113	357	Flore	Trewman	
358	Idette	Acott	iacott9x@nydailynews.com	Agender	191.213.204.91	358	Idette	Acott	
359	Benedikt	Goreway	bgoreway9y@nasa.gov	Male	232.31.150.97	359	Benedikt	Goreway	
360	Tedd	Giacopini	tgiacopini9z@vinaora.com	Male	176.57.209.143	360	Tedd	Giacopini	
361	Edgardo	Woodward	ewoodwarda0@ehow.com	Male	235.248.42.4	361	Edgardo	Woodward	
362	Selina	Kolushev	skolusheva1@artisteer.com	Female	28.49.255.169	362	Selina	Kolushev	
363	Dario	McCarthy	dmccarthya2@is.gd	Male	153.145.225.100	363	Dario	McCarthy	
364	Kerry	Privett	kprivetta3@blogs.com	Female	190.135.92.65	364	Kerry	Privett	
365	Xylina	Tellenbrok	xtellenbroka4@mashable.com	Female	31.109.236.67	365	Xylina	Tellenbrok	
366	Nichole	Lishman	nlishmana5@so-net.ne.jp	Genderqueer	222.12.96.29	366	Nichole	Lishman	
367	Seline	Merkel	smerkela6@hibu.com	Female	247.89.221.192	367	Seline	Merkel	
368	Davita	Cunnow	dcunnowa7@chron.com	Female	252.174.86.76	368	Davita	Cunnow	
369	Dorette	Morter	dmortera8@spiegel.de	Female	120.32.30.130	369	Dorette	Morter	
370	Bert	Pendered	bpendereda9@jigsy.com	Female	176.35.72.190	370	Bert	Pendered	
371	Jessie	Bartusek	jbartusekaa@smh.com.au	Female	147.192.57.114	371	Jessie	Bartusek	
372	Erinn	McDermot	emcdermotab@blogger.com	Female	127.134.85.188	372	Erinn	McDermot	
373	Frasco	Freire	ffreireac@sourceforge.net	Male	82.214.227.56	373	Frasco	Freire	
374	Melly	Gorrick	mgorrickad@cnet.com	Female	25.89.167.20	374	Melly	Gorrick	
375	Yurik	Ends	yendsae@npr.org	Male	217.172.136.153	375	Yurik	Ends	
376	Daren	Forsyth	dforsythaf@geocities.com	Male	149.240.105.129	376	Daren	Forsyth	
377	Nevile	Cordaroy	ncordaroyag@admin.ch	Male	177.65.0.152	377	Nevile	Cordaroy	
378	Bess	Allston	ballstonah@mashable.com	Female	22.88.12.56	378	Bess	Allston	
379	Corbin	Strother	cstrotherai@cmu.edu	Male	238.200.139.49	379	Corbin	Strother	
380	Dene	Keeves	dkeevesaj@posterous.com	Male	183.230.156.151	380	Dene	Keeves	
381	Bob	Ordemann	bordemannak@dropbox.com	Male	58.35.5.140	381	Bob	Ordemann	
382	Viola	Sandcraft	vsandcraftal@utexas.edu	Female	61.64.71.210	382	Viola	Sandcraft	
383	Natalina	Shade	nshadeam@cdbaby.com	Non-binary	218.186.201.107	383	Natalina	Shade	
384	Gigi	Womersley	gwomersleyan@mapquest.com	Female	64.150.159.65	384	Gigi	Womersley	
385	Florian	Gaylord	fgaylordao@gravatar.com	Male	142.142.247.65	385	Florian	Gaylord	
386	Cassi	Fidian	cfidianap@edublogs.org	Female	114.165.123.196	386	Cassi	Fidian	
387	Brigg	Sabater	bsabateraq@princeton.edu	Male	168.131.36.232	387	Brigg	Sabater	
388	Findlay	Sansam	fsansamar@arizona.edu	Male	205.17.240.207	388	Findlay	Sansam	
389	Lian	Llorente	lllorenteas@wired.com	Female	129.128.226.24	389	Lian	Llorente	
390	Bogart	Fawdrie	bfawdrieat@photobucket.com	Male	49.112.7.8	390	Bogart	Fawdrie	
391	Jase	Atkins	jatkinsau@google.com.br	Male	59.176.178.11	391	Jase	Atkins	
392	Hephzibah	Flanaghan	hflanaghanav@hao123.com	Female	53.234.27.142	392	Hephzibah	Flanaghan	
393	Ricki	Casham	rcashamaw@tiny.cc	Female	222.180.102.91	393	Ricki	Casham	
394	Ingrim	Wimpey	iwimpeyax@themeforest.net	Male	190.79.75.211	394	Ingrim	Wimpey	
395	Maurizio	Arrighini	marrighiniay@cloudflare.com	Male	105.0.158.22	395	Maurizio	Arrighini	
396	Syd	Fessby	sfessbyaz@skyrock.com	Male	95.154.15.214	396	Syd	Fessby	
397	Launce	Mellon	lmellonb0@g.co	Male	23.124.194.50	397	Launce	Mellon	
398	Robinet	Rucklidge	rrucklidgeb1@nhs.uk	Polygender	78.190.78.139	398	Robinet	Rucklidge	
399	Tiphany	Fache	tfacheb2@rediff.com	Genderfluid	246.60.30.200	399	Tiphany	Fache	
400	Shellysheldon	Adnett	sadnettb3@kickstarter.com	Male	227.252.171.98	400	Shellysheldon	Adnett	
401	Wheeler	Wardrop	wwardropb4@amazon.com	Male	96.111.196.190	401	Wheeler	Wardrop	
402	Buffy	Lawtie	blawtieb5@biblegateway.com	Agender	110.15.227.149	402	Buffy	Lawtie	
403	Gray	Vaun	gvaunb6@economist.com	Bigender	220.101.94.197	403	Gray	Vaun	
404	Avery	Dami	adamib7@icq.com	Male	8.116.234.44	404	Avery	Dami	
405	Emmit	Kenford	ekenfordb8@addtoany.com	Male	53.20.15.207	405	Emmit	Kenford	
406	Keefe	Viel	kvielb9@w3.org	Male	57.77.127.18	406	Keefe	Viel	
407	Aldin	Veld	aveldba@marketwatch.com	Male	197.45.143.133	407	Aldin	Veld	
408	Inglebert	Sinclair	isinclairbb@buzzfeed.com	Male	161.195.174.19	408	Inglebert	Sinclair	
409	Olenka	Bramley	obramleybc@fastcompany.com	Female	51.247.68.142	409	Olenka	Bramley	
410	Bernadette	Moscon	bmosconbd@twitter.com	Female	150.122.23.24	410	Bernadette	Moscon	
411	Shell	Pallin	spallinbe@google.com.au	Male	218.183.129.209	411	Shell	Pallin	
412	Carr	Laterza	claterzabf@pcworld.com	Bigender	219.214.212.254	412	Carr	Laterza	
413	Ekaterina	Peoples	epeoplesbg@de.vu	Female	120.78.173.26	413	Ekaterina	Peoples	
414	Libbey	Iron	lironbh@barnesandnoble.com	Female	194.11.23.246	414	Libbey	Iron	
415	Raimondo	Lande	rlandebi@scribd.com	Male	12.18.49.127	415	Raimondo	Lande	
416	Randie	Canet	rcanetbj@wufoo.com	Female	252.100.153.140	416	Randie	Canet	
417	Dimitry	Gerrit	dgerritbk@friendfeed.com	Male	46.231.135.23	417	Dimitry	Gerrit	
418	Gordan	Davidovic	gdavidovicbl@kickstarter.com	Male	37.235.233.50	418	Gordan	Davidovic	
419	Daloris	Thurman	dthurmanbm@nba.com	Female	234.41.253.190	419	Daloris	Thurman	
420	Margery	Sagar	msagarbn@reddit.com	Female	248.190.177.190	420	Margery	Sagar	
421	Courtney	Jakovijevic	cjakovijevicbo@nih.gov	Female	240.249.17.103	421	Courtney	Jakovijevic	
422	Lyndsie	Duly	ldulybp@sohu.com	Female	151.34.155.85	422	Lyndsie	Duly	
423	Wileen	Rowlstone	wrowlstonebq@blogs.com	Female	202.1.165.175	423	Wileen	Rowlstone	
424	Moreen	Asche	maschebr@angelfire.com	Genderqueer	66.191.162.207	424	Moreen	Asche	
425	Miguelita	Tolussi	mtolussibs@google.es	Female	6.254.222.32	425	Miguelita	Tolussi	
426	Dickie	Hasted	dhastedbt@state.gov	Male	87.196.1.145	426	Dickie	Hasted	
427	Andrus	Longrigg	alongriggbu@china.com.cn	Bigender	151.216.107.65	427	Andrus	Longrigg	
428	Elsworth	Bradnam	ebradnambv@nbcnews.com	Male	197.59.111.199	428	Elsworth	Bradnam	
429	Waiter	Reijmers	wreijmersbw@uiuc.edu	Male	230.108.158.89	429	Waiter	Reijmers	
430	Ealasaid	Bredee	ebredeebx@sakura.ne.jp	Female	216.180.200.206	430	Ealasaid	Bredee	
431	Esmeralda	Rennison	erennisonby@cornell.edu	Female	19.217.68.68	431	Esmeralda	Rennison	
432	Lacee	Nosworthy	lnosworthybz@theatlantic.com	Female	63.233.248.227	432	Lacee	Nosworthy	
433	Felice	Kennon	fkennonc0@phoca.cz	Male	96.85.231.208	433	Felice	Kennon	
434	Klaus	Yurocjkin	kyurocjkinc1@g.co	Male	106.249.52.109	434	Klaus	Yurocjkin	
435	Maryrose	Mallock	mmallockc2@google.com.au	Female	88.125.216.181	435	Maryrose	Mallock	
436	Amity	Biaggioli	abiaggiolic3@github.com	Female	205.177.219.138	436	Amity	Biaggioli	
437	Edward	Hassard	ehassardc4@google.com	Male	44.209.148.243	437	Edward	Hassard	
438	Ethelred	Egginton	eeggintonc5@youtu.be	Male	246.234.137.0	438	Ethelred	Egginton	
439	Eduino	Gai	egaic6@zdnet.com	Male	147.7.126.158	439	Eduino	Gai	
440	Allene	Scotson	ascotsonc7@hugedomains.com	Agender	165.244.152.59	440	Allene	Scotson	
441	Nessa	Hawkyens	nhawkyensc8@clickbank.net	Female	40.85.246.164	441	Nessa	Hawkyens	
442	Marlo	Reina	mreinac9@google.nl	Female	35.88.149.71	442	Marlo	Reina	
443	Ardelle	Jeandot	ajeandotca@myspace.com	Female	145.42.4.11	443	Ardelle	Jeandot	
444	Guss	Rustedge	grustedgecb@altervista.org	Male	68.238.181.90	444	Guss	Rustedge	
445	Phyllis	Leverett	pleverettcc@bluehost.com	Female	95.225.165.73	445	Phyllis	Leverett	
446	Shannen	Jeens	sjeenscd@naver.com	Female	92.18.210.76	446	Shannen	Jeens	
447	Nevil	Ravilus	nravilusce@timesonline.co.uk	Genderqueer	229.72.10.98	447	Nevil	Ravilus	
448	Janenna	Vickerstaff	jvickerstaffcf@theglobeandmail.com	Bigender	126.243.252.57	448	Janenna	Vickerstaff	
449	Vasilis	Borg	vborgcg@cnet.com	Male	30.102.143.200	449	Vasilis	Borg	
450	Filbert	Burgett	fburgettch@princeton.edu	Male	4.14.33.163	450	Filbert	Burgett	
451	North	Gilbody	ngilbodyci@ca.gov	Genderqueer	239.17.231.192	451	North	Gilbody	
452	Nestor	Dronsfield	ndronsfieldcj@newsvine.com	Non-binary	191.88.127.137	452	Nestor	Dronsfield	
453	Thedrick	Matushevitz	tmatushevitzck@last.fm	Male	207.146.208.93	453	Thedrick	Matushevitz	
454	Kayla	Mewe	kmewecl@huffingtonpost.com	Female	196.147.153.108	454	Kayla	Mewe	
455	Barbara	Lundbech	blundbechcm@nifty.com	Female	249.204.24.135	455	Barbara	Lundbech	
456	Mikael	Adshede	madshedecn@marriott.com	Male	211.5.113.238	456	Mikael	Adshede	
457	Sarita	Southcoat	ssouthcoatco@wsj.com	Female	45.7.167.97	457	Sarita	Southcoat	
458	Patience	Duetschens	pduetschenscp@edublogs.org	Female	99.65.138.245	458	Patience	Duetschens	
459	Shaun	Korn	skorncq@webeden.co.uk	Male	1.252.220.119	459	Shaun	Korn	
460	Hakim	Perryman	hperrymancr@miibeian.gov.cn	Male	43.146.198.164	460	Hakim	Perryman	
461	Brenna	Gethyn	bgethyncs@amazon.com	Female	67.83.70.19	461	Brenna	Gethyn	
462	Gabbie	Kidstone	gkidstonect@shutterfly.com	Female	59.186.104.69	462	Gabbie	Kidstone	
463	Joletta	Dowzell	jdowzellcu@chronoengine.com	Female	186.57.24.71	463	Joletta	Dowzell	
464	Loni	Ward	lwardcv@e-recht24.de	Female	66.189.46.143	464	Loni	Ward	
465	Emelita	Lill	elillcw@engadget.com	Genderqueer	245.102.122.43	465	Emelita	Lill	
466	Irv	Westhofer	iwesthofercx@army.mil	Male	158.43.97.237	466	Irv	Westhofer	
467	Ritchie	Bartels	rbartelscy@timesonline.co.uk	Male	155.37.77.162	467	Ritchie	Bartels	
468	Lammond	Palffy	lpalffycz@dagondesign.com	Male	225.100.31.3	468	Lammond	Palffy	
469	Don	Kulis	dkulisd0@yolasite.com	Male	19.255.221.144	469	Don	Kulis	
470	Theda	Rash	trashd1@xinhuanet.com	Female	151.40.223.183	470	Theda	Rash	
471	Willy	Olechnowicz	wolechnowiczd2@fastcompany.com	Female	212.157.237.144	471	Willy	Olechnowicz	
472	Kordula	Mizzen	kmizzend3@wisc.edu	Female	133.149.254.255	472	Kordula	Mizzen	
473	Torin	Densumbe	tdensumbed4@mayoclinic.com	Agender	58.26.112.238	473	Torin	Densumbe	
474	Worthy	Nockells	wnockellsd5@wikipedia.org	Genderfluid	155.70.18.181	474	Worthy	Nockells	
475	Kelsey	Coppock.	kcoppockd6@auda.org.au	Male	71.90.160.58	475	Kelsey	Coppock.	
476	Noel	Chisholm	nchisholmd7@yahoo.co.jp	Male	149.63.225.157	476	Noel	Chisholm	
477	Anatole	Somerfield	asomerfieldd8@disqus.com	Male	163.184.196.52	477	Anatole	Somerfield	
478	Dorice	Briers	dbriersd9@networksolutions.com	Female	228.255.181.102	478	Dorice	Briers	
479	Morlee	Polon	mpolonda@ucoz.ru	Male	168.144.169.7	479	Morlee	Polon	
480	Morlee	O'Leahy	moleahydb@naver.com	Male	0.68.155.170	480	Morlee	O'Leahy	
481	Haydon	Town	htowndc@washingtonpost.com	Male	144.71.207.209	481	Haydon	Town	
482	Tommie	Passman	tpassmandd@infoseek.co.jp	Male	250.231.79.150	482	Tommie	Passman	
483	Wiatt	Stenbridge	wstenbridgede@rambler.ru	Male	159.152.104.179	483	Wiatt	Stenbridge	
484	Barton	Kalinovich	bkalinovichdf@canalblog.com	Male	161.223.64.74	484	Barton	Kalinovich	
485	Geralda	Beynon	gbeynondg@unicef.org	Female	175.221.67.228	485	Geralda	Beynon	
486	Ritchie	Entissle	rentissledh@dell.com	Male	136.225.90.182	486	Ritchie	Entissle	
487	Nertie	Raithbie	nraithbiedi@people.com.cn	Female	182.249.114.170	487	Nertie	Raithbie	
488	Tyrus	Ismay	tismaydj@google.com	Male	230.2.196.226	488	Tyrus	Ismay	
489	Josy	Rosenblath	jrosenblathdk@cornell.edu	Female	106.215.40.30	489	Josy	Rosenblath	
490	Rozelle	Drable	rdrabledl@tiny.cc	Female	180.206.21.68	490	Rozelle	Drable	
491	Todd	Danhel	tdanheldm@shareasale.com	Genderfluid	87.111.137.77	491	Todd	Danhel	
492	Francis	Karlicek	fkarlicekdn@163.com	Male	131.68.160.58	492	Francis	Karlicek	
493	Simonne	Mahaffey	smahaffeydo@nhs.uk	Genderqueer	167.167.200.124	493	Simonne	Mahaffey	
494	Nell	Quarless	nquarlessdp@posterous.com	Female	191.133.106.188	494	Nell	Quarless	
495	Lucius	Cappel	lcappeldq@liveinternet.ru	Male	125.75.143.63	495	Lucius	Cappel	
496	Shermie	Kenright	skenrightdr@yellowbook.com	Male	53.175.67.129	496	Shermie	Kenright	
497	Waring	Seiler	wseilerds@myspace.com	Male	101.216.167.166	497	Waring	Seiler	
498	Hernando	Marchello	hmarchellodt@rediff.com	Male	175.86.98.55	498	Hernando	Marchello	
499	Patrica	Wrighton	pwrightondu@github.io	Female	60.110.184.107	499	Patrica	Wrighton	
500	Ky	Foat	kfoatdv@cnn.com	Male	227.71.174.160	500	Ky	Foat	
501	Meghan	Oran	morandw@yolasite.com	Female	136.249.186.202	501	Meghan	Oran	
502	Reinold	Paulitschke	rpaulitschkedx@topsy.com	Male	224.247.33.31	502	Reinold	Paulitschke	
503	Elle	Bellringer	ebellringerdy@spotify.com	Female	1.242.110.90	503	Elle	Bellringer	
504	Nari	Skrzynski	nskrzynskidz@t-online.de	Female	54.252.44.76	504	Nari	Skrzynski	
505	Abraham	Bozier	aboziere0@pcworld.com	Male	32.222.227.6	505	Abraham	Bozier	
506	Warner	Lawranson	wlawransone1@reddit.com	Male	176.219.36.136	506	Warner	Lawranson	
507	Vlad	Chaffin	vchaffine2@eepurl.com	Genderfluid	85.117.51.196	507	Vlad	Chaffin	
508	Pavel	Woolacott	pwoolacotte3@godaddy.com	Male	180.167.130.224	508	Pavel	Woolacott	
509	Kary	Fellowes	kfellowese4@histats.com	Genderqueer	243.250.108.154	509	Kary	Fellowes	
510	Rori	MacAskill	rmacaskille5@un.org	Agender	50.20.164.253	510	Rori	MacAskill	
511	Esteban	Mynott	emynotte6@hatena.ne.jp	Male	13.246.134.237	511	Esteban	Mynott	
512	Jarrid	Shelley	jshelleye7@unesco.org	Non-binary	238.115.186.108	512	Jarrid	Shelley	
513	Josey	Rudledge	jrudledgee8@slideshare.net	Female	90.143.61.173	513	Josey	Rudledge	
514	Mitchel	Clowney	mclowneye9@hhs.gov	Male	238.22.226.14	514	Mitchel	Clowney	
515	Harris	Gellately	hgellatelyea@ibm.com	Male	122.94.234.30	515	Harris	Gellately	
516	Evangelin	Angrock	eangrockeb@cloudflare.com	Female	56.148.247.193	516	Evangelin	Angrock	
517	Brandise	Biasioni	bbiasioniec@google.pl	Female	126.195.250.39	517	Brandise	Biasioni	
518	Klement	Desson	kdessoned@storify.com	Male	146.111.91.86	518	Klement	Desson	
519	Grazia	Orsay	gorsayee@spotify.com	Female	109.22.226.121	519	Grazia	Orsay	
520	Maxi	Wheldon	mwheldonef@sciencedaily.com	Female	200.62.58.30	520	Maxi	Wheldon	
521	Reine	Alves	ralveseg@1und1.de	Female	144.22.147.189	521	Reine	Alves	
522	Bryan	Greenroa	bgreenroaeh@vimeo.com	Male	117.60.152.181	522	Bryan	Greenroa	
523	Monte	Donan	mdonanei@gmpg.org	Male	249.156.195.198	523	Monte	Donan	
524	Gan	Eagland	geaglandej@google.com.au	Male	56.196.75.12	524	Gan	Eagland	
525	Jaquith	Bach	jbachek@artisteer.com	Female	23.172.201.155	525	Jaquith	Bach	
526	Ignacio	Guitel	iguitelel@bbc.co.uk	Male	121.48.254.158	526	Ignacio	Guitel	
527	Lenette	Ilchenko	lilchenkoem@typepad.com	Female	192.95.173.141	527	Lenette	Ilchenko	
528	Tucky	Hearnden	thearndenen@facebook.com	Genderfluid	129.173.188.24	528	Tucky	Hearnden	
529	Skipp	Jennaway	sjennawayeo@dedecms.com	Male	191.146.40.148	529	Skipp	Jennaway	
530	Cinnamon	Raye	crayeep@nps.gov	Female	14.3.76.204	530	Cinnamon	Raye	
531	Melodee	Feldmann	mfeldmanneq@globo.com	Female	40.99.109.164	531	Melodee	Feldmann	
532	Wildon	Lancley	wlancleyer@soundcloud.com	Male	129.65.28.103	532	Wildon	Lancley	
533	Ashbey	Reede	areedees@tripadvisor.com	Male	168.200.163.126	533	Ashbey	Reede	
534	Velvet	Vasyutichev	vvasyutichevet@indiegogo.com	Female	104.255.65.234	534	Velvet	Vasyutichev	
535	Ernest	Castanho	ecastanhoeu@imdb.com	Male	165.51.41.127	535	Ernest	Castanho	
536	Loy	Tregunnah	ltregunnahev@alibaba.com	Male	84.38.153.188	536	Loy	Tregunnah	
537	Miriam	Sewill	msewillew@youtu.be	Female	6.249.104.72	537	Miriam	Sewill	
538	Chandler	Meere	cmeereex@bluehost.com	Male	54.79.100.67	538	Chandler	Meere	
539	Zaneta	Pitchford	zpitchfordey@booking.com	Non-binary	164.249.151.183	539	Zaneta	Pitchford	
540	Chaddy	Faltin	cfaltinez@un.org	Genderqueer	18.78.91.204	540	Chaddy	Faltin	
541	Annora	Batalini	abatalinif0@goo.gl	Female	67.202.174.131	541	Annora	Batalini	
542	Reuven	Rivilis	rrivilisf1@un.org	Polygender	122.15.244.202	542	Reuven	Rivilis	
543	Annie	Petters	apettersf2@jiathis.com	Female	192.204.49.49	543	Annie	Petters	
544	Lorrie	Stute	lstutef3@scientificamerican.com	Male	98.148.154.193	544	Lorrie	Stute	
545	Dale	Ratchford	dratchfordf4@ed.gov	Male	179.221.14.179	545	Dale	Ratchford	
546	Gallard	Schimank	gschimankf5@nationalgeographic.com	Male	38.220.175.35	546	Gallard	Schimank	
547	Nathaniel	Seamark	nseamarkf6@mayoclinic.com	Male	214.52.221.15	547	Nathaniel	Seamark	
548	Jack	Bartalucci	jbartaluccif7@mtv.com	Male	14.102.23.132	548	Jack	Bartalucci	
549	Rafaelia	Everton	revertonf8@4shared.com	Female	151.219.181.204	549	Rafaelia	Everton	
550	Stillmann	Paybody	spaybodyf9@unesco.org	Male	209.68.206.236	550	Stillmann	Paybody	
551	Prent	Tanguy	ptanguyfa@wisc.edu	Male	75.52.231.157	551	Prent	Tanguy	
552	Clementius	Olyunin	colyuninfb@archive.org	Polygender	123.34.80.123	552	Clementius	Olyunin	
553	Eulalie	Hanlin	ehanlinfc@china.com.cn	Female	92.100.235.121	553	Eulalie	Hanlin	
554	Troy	Farndale	tfarndalefd@tinyurl.com	Male	124.187.204.42	554	Troy	Farndale	
555	Ethelyn	Bilby	ebilbyfe@cnbc.com	Female	23.14.173.248	555	Ethelyn	Bilby	
556	Jaquenetta	Desforges	jdesforgesff@alibaba.com	Female	152.52.227.163	556	Jaquenetta	Desforges	
557	Theodora	McShirie	tmcshiriefg@nasa.gov	Female	41.29.113.107	557	Theodora	McShirie	
558	Poul	Ponte	ppontefh@goodreads.com	Male	183.52.189.144	558	Poul	Ponte	
559	Adrianna	Morrel	amorrelfi@archive.org	Female	53.20.207.84	559	Adrianna	Morrel	
560	Erl	Maggiori	emaggiorifj@sciencedaily.com	Male	174.107.194.21	560	Erl	Maggiori	
561	Berenice	Stockney	bstockneyfk@blog.com	Female	38.121.220.245	561	Berenice	Stockney	
562	Crystal	Trassler	ctrasslerfl@t-online.de	Female	29.147.155.189	562	Crystal	Trassler	
563	Nils	Hancock	nhancockfm@foxnews.com	Male	175.130.176.54	563	Nils	Hancock	
564	Robinette	Whitefoot	rwhitefootfn@redcross.org	Female	202.59.144.43	564	Robinette	Whitefoot	
565	Hercules	Turville	hturvillefo@reuters.com	Male	109.134.105.86	565	Hercules	Turville	
566	Rainer	Morratt	rmorrattfp@nyu.edu	Male	234.7.14.241	566	Rainer	Morratt	
567	Emyle	Kemmet	ekemmetfq@seattletimes.com	Female	211.157.49.78	567	Emyle	Kemmet	
568	Liv	Iredell	liredellfr@sakura.ne.jp	Female	11.147.128.153	568	Liv	Iredell	
569	Craggy	Brinsford	cbrinsfordfs@princeton.edu	Male	211.239.73.90	569	Craggy	Brinsford	
570	Moore	Soonhouse	msoonhouseft@nytimes.com	Male	255.228.237.185	570	Moore	Soonhouse	
571	Ransell	Poznanski	rpoznanskifu@hatena.ne.jp	Male	1.236.181.146	571	Ransell	Poznanski	
572	Kamila	Roch	krochfv@pinterest.com	Female	182.9.21.213	572	Kamila	Roch	
573	Storm	Hazel	shazelfw@shop-pro.jp	Female	75.122.76.213	573	Storm	Hazel	
574	Hobie	Papis	hpapisfx@shop-pro.jp	Male	207.21.181.95	574	Hobie	Papis	
575	Torrin	Bonnette	tbonnettefy@cornell.edu	Male	149.146.141.143	575	Torrin	Bonnette	
576	Megen	Snowball	msnowballfz@blogs.com	Female	55.171.3.5	576	Megen	Snowball	
577	Ianthe	Barhem	ibarhemg0@php.net	Female	162.151.29.160	577	Ianthe	Barhem	
578	Zane	Pulver	zpulverg1@mail.ru	Male	144.245.113.74	578	Zane	Pulver	
579	Fons	Picknett	fpicknettg2@usgs.gov	Male	238.158.206.58	579	Fons	Picknett	
580	Marybelle	Wonfor	mwonforg3@google.com.hk	Female	149.52.153.195	580	Marybelle	Wonfor	
581	Yevette	Ferrar	yferrarg4@timesonline.co.uk	Polygender	27.127.192.246	581	Yevette	Ferrar	
582	Ida	Vane	ivaneg5@google.de	Female	7.149.99.185	582	Ida	Vane	
583	Diane	Kingsford	dkingsfordg6@godaddy.com	Agender	10.117.27.33	583	Diane	Kingsford	
584	Ignazio	Prisk	ipriskg7@networksolutions.com	Male	234.148.70.137	584	Ignazio	Prisk	
585	Fiorenze	Gauson	fgausong8@google.de	Female	156.193.31.254	585	Fiorenze	Gauson	
586	Marne	Tesche	mtescheg9@netscape.com	Female	185.45.211.226	586	Marne	Tesche	
587	Obidiah	Dowry	odowryga@rediff.com	Male	183.215.51.139	587	Obidiah	Dowry	
588	Victoir	Espinoy	vespinoygb@ebay.co.uk	Male	177.58.250.217	588	Victoir	Espinoy	
589	Hattie	Halladey	hhalladeygc@wisc.edu	Female	100.106.198.221	589	Hattie	Halladey	
590	Leesa	Shambrook	lshambrookgd@so-net.ne.jp	Female	59.158.248.27	590	Leesa	Shambrook	
591	Gifford	Durrell	gdurrellge@cbsnews.com	Male	205.64.134.87	591	Gifford	Durrell	
592	Shermie	Rothert	srothertgf@reddit.com	Male	107.57.38.134	592	Shermie	Rothert	
593	Thurston	Heindl	theindlgg@tiny.cc	Male	237.48.220.250	593	Thurston	Heindl	
594	Denney	Styche	dstychegh@vinaora.com	Male	172.109.146.111	594	Denney	Styche	
595	Ferris	Goodwin	fgoodwingi@webnode.com	Male	6.191.171.138	595	Ferris	Goodwin	
596	Bernhard	Muriel	bmurielgj@elegantthemes.com	Male	112.21.71.23	596	Bernhard	Muriel	
597	Daune	Clash	dclashgk@weibo.com	Female	101.195.215.184	597	Daune	Clash	
598	Domenic	Shillom	dshillomgl@eventbrite.com	Male	61.92.227.64	598	Domenic	Shillom	
599	Raoul	Geane	rgeanegm@themeforest.net	Male	113.11.46.198	599	Raoul	Geane	
600	Goober	Lezemore	glezemoregn@mlb.com	Male	241.117.1.196	600	Goober	Lezemore	
601	Tori	Strognell	tstrognellgo@phoca.cz	Polygender	77.188.209.13	601	Tori	Strognell	
602	Jaimie	Sealy	jsealygp@pagesperso-orange.fr	Male	39.61.77.49	602	Jaimie	Sealy	
603	Perl	Piscot	ppiscotgq@senate.gov	Agender	201.109.116.241	603	Perl	Piscot	
604	Jedidiah	McPhillips	jmcphillipsgr@gnu.org	Male	199.106.219.58	604	Jedidiah	McPhillips	
605	Nelson	Browse	nbrowsegs@ed.gov	Male	36.54.166.181	605	Nelson	Browse	
606	Solly	McKintosh	smckintoshgt@technorati.com	Male	172.62.251.83	606	Solly	McKintosh	
607	Harv	Featenby	hfeatenbygu@spiegel.de	Male	234.149.163.185	607	Harv	Featenby	
608	Godfrey	Privost	gprivostgv@vk.com	Non-binary	156.200.154.130	608	Godfrey	Privost	
609	Traci	Andresser	tandressergw@sun.com	Female	56.243.40.96	609	Traci	Andresser	
610	Milli	Crombleholme	mcrombleholmegx@drupal.org	Female	127.214.52.15	610	Milli	Crombleholme	
611	Benedict	Buxy	bbuxygy@walmart.com	Male	227.48.29.73	611	Benedict	Buxy	
612	Kristi	Chippindall	kchippindallgz@creativecommons.org	Female	197.236.136.246	612	Kristi	Chippindall	
613	Bernelle	Ruppertz	bruppertzh0@google.com	Female	210.24.42.47	613	Bernelle	Ruppertz	
614	Northrup	Lappine	nlappineh1@bbc.co.uk	Male	192.18.225.3	614	Northrup	Lappine	
615	Brear	Batsford	bbatsfordh2@goodreads.com	Female	95.55.13.241	615	Brear	Batsford	
616	Andrey	Oaks	aoaksh3@google.ca	Male	232.180.94.55	616	Andrey	Oaks	
617	Nowell	Ambrosini	nambrosinih4@artisteer.com	Male	59.98.113.136	617	Nowell	Ambrosini	
618	Rossy	Mottley	rmottleyh5@globo.com	Bigender	198.64.66.44	618	Rossy	Mottley	
619	Paolo	Diamant	pdiamanth6@go.com	Male	10.138.171.204	619	Paolo	Diamant	
620	Elnar	MacPhee	emacpheeh7@theglobeandmail.com	Male	198.88.190.32	620	Elnar	MacPhee	
621	Kara	Cars	kcarsh8@360.cn	Female	30.87.240.107	621	Kara	Cars	
622	Vernon	Stitle	vstitleh9@fotki.com	Male	96.34.190.242	622	Vernon	Stitle	
623	Goddart	Pentin	gpentinha@a8.net	Male	155.188.53.241	623	Goddart	Pentin	
624	Asa	Lewisham	alewishamhb@flickr.com	Male	93.35.111.56	624	Asa	Lewisham	
625	Alyosha	Verrall	averrallhc@howstuffworks.com	Male	225.115.149.136	625	Alyosha	Verrall	
626	Anna-diane	Dalton	adaltonhd@so-net.ne.jp	Female	208.85.173.56	626	Anna-diane	Dalton	
627	Maximilian	Keller	mkellerhe@blinklist.com	Male	243.98.50.239	627	Maximilian	Keller	
628	Fran	Ridde	friddehf@state.tx.us	Male	231.188.234.185	628	Fran	Ridde	
629	Belita	Primak	bprimakhg@columbia.edu	Female	149.75.162.201	629	Belita	Primak	
630	Buck	Hayton	bhaytonhh@discovery.com	Male	56.204.118.65	630	Buck	Hayton	
631	Lilias	Texton	ltextonhi@cpanel.net	Female	241.200.97.163	631	Lilias	Texton	
632	Bay	Foulstone	bfoulstonehj@state.tx.us	Male	42.168.144.7	632	Bay	Foulstone	
633	Eduard	Wall	ewallhk@boston.com	Male	7.11.190.250	633	Eduard	Wall	
634	Adara	Reggler	aregglerhl@simplemachines.org	Female	44.240.52.128	634	Adara	Reggler	
635	Jonathan	Jurs	jjurshm@github.com	Male	157.186.1.173	635	Jonathan	Jurs	
636	Eda	Bangley	ebangleyhn@reddit.com	Female	58.157.103.194	636	Eda	Bangley	
637	Eirena	Bickerdike	ebickerdikeho@gov.uk	Female	4.188.137.131	637	Eirena	Bickerdike	
638	Christoph	Beedell	cbeedellhp@techcrunch.com	Male	6.236.230.163	638	Christoph	Beedell	
639	Maurine	Kuhwald	mkuhwaldhq@redcross.org	Female	228.150.55.233	639	Maurine	Kuhwald	
640	Sterne	Sergant	sserganthr@amazon.de	Male	74.245.98.137	640	Sterne	Sergant	
641	Allis	Lagde	alagdehs@purevolume.com	Female	2.83.129.140	641	Allis	Lagde	
642	Win	Semeniuk	wsemeniukht@google.com.au	Male	142.49.206.48	642	Win	Semeniuk	
643	Chastity	Lawrenz	clawrenzhu@lycos.com	Female	19.63.210.173	643	Chastity	Lawrenz	
644	Moises	Mylchreest	mmylchreesthv@umn.edu	Male	76.246.153.4	644	Moises	Mylchreest	
645	Aharon	Dufaur	adufaurhw@desdev.cn	Male	192.251.168.20	645	Aharon	Dufaur	
646	Kerrie	Basden	kbasdenhx@sciencedaily.com	Female	34.172.115.174	646	Kerrie	Basden	
647	Marsh	Matthias	mmatthiashy@behance.net	Male	72.120.127.221	647	Marsh	Matthias	
648	Antin	Bath	abathhz@homestead.com	Male	200.134.183.234	648	Antin	Bath	
649	Avram	Knotte	aknottei0@webnode.com	Male	183.66.159.129	649	Avram	Knotte	
650	Estelle	Jakubovits	ejakubovitsi1@aboutads.info	Female	51.178.254.232	650	Estelle	Jakubovits	
651	Emelyne	Kebbell	ekebbelli2@buzzfeed.com	Female	250.102.148.42	651	Emelyne	Kebbell	
652	Olivier	Mohamed	omohamedi3@va.gov	Male	207.216.145.169	652	Olivier	Mohamed	
653	Hiram	Farries	hfarriesi4@seesaa.net	Male	143.110.168.52	653	Hiram	Farries	
654	Cordi	Hum	chumi5@amazon.de	Female	11.219.166.175	654	Cordi	Hum	
655	Travus	Innott	tinnotti6@studiopress.com	Male	255.102.38.15	655	Travus	Innott	
656	Ramonda	Landy	rlandyi7@nationalgeographic.com	Non-binary	168.174.152.169	656	Ramonda	Landy	
657	Idette	Kment	ikmenti8@boston.com	Female	238.122.153.123	657	Idette	Kment	
658	Rodd	Pakes	rpakesi9@mail.ru	Male	207.201.140.211	658	Rodd	Pakes	
659	Fraser	Pennigar	fpennigaria@cnbc.com	Male	252.178.148.3	659	Fraser	Pennigar	
660	Maison	Matignon	mmatignonib@kickstarter.com	Genderqueer	2.77.146.167	660	Maison	Matignon	
661	Maurizia	Ipgrave	mipgraveic@joomla.org	Female	195.230.124.161	661	Maurizia	Ipgrave	
662	Marielle	Runnacles	mrunnaclesid@multiply.com	Female	241.95.227.230	662	Marielle	Runnacles	
663	Essa	Duke	edukeie@friendfeed.com	Female	149.175.40.33	663	Essa	Duke	
664	Nevins	Everley	neverleyif@squarespace.com	Male	151.227.28.195	664	Nevins	Everley	
665	Julian	Doog	jdoogig@dot.gov	Male	206.202.234.166	665	Julian	Doog	
666	Ferdinand	Sisse	fsisseih@wp.com	Genderfluid	48.27.186.217	666	Ferdinand	Sisse	
667	Derrick	Frango	dfrangoii@desdev.cn	Male	118.180.102.12	667	Derrick	Frango	
668	Josi	Algar	jalgarij@furl.net	Polygender	50.215.173.206	668	Josi	Algar	
669	Ernie	Rolfo	erolfoik@typepad.com	Male	19.104.146.142	669	Ernie	Rolfo	
670	Josias	Northall	jnorthallil@a8.net	Male	252.32.76.120	670	Josias	Northall	
671	Thomasa	Benettolo	tbenettoloim@skyrock.com	Female	65.53.177.249	671	Thomasa	Benettolo	
672	Mark	Leaman	mleamanin@usgs.gov	Male	204.0.100.185	672	Mark	Leaman	
673	Concordia	Tugwell	ctugwellio@businesswire.com	Female	128.204.152.30	673	Concordia	Tugwell	
674	Shell	Anthonsen	santhonsenip@nytimes.com	Agender	120.38.171.135	674	Shell	Anthonsen	
675	Graeme	Toppin	gtoppiniq@ox.ac.uk	Male	185.140.47.228	675	Graeme	Toppin	
676	Dani	Riseam	driseamir@ed.gov	Female	211.204.239.184	676	Dani	Riseam	
677	Goldy	Leroux	glerouxis@biblegateway.com	Female	185.139.24.129	677	Goldy	Leroux	
678	Janaya	Theis	jtheisit@dell.com	Female	69.204.115.110	678	Janaya	Theis	
679	Katalin	Sygrove	ksygroveiu@discovery.com	Female	109.47.90.136	679	Katalin	Sygrove	
680	Rorke	Bosley	rbosleyiv@google.com	Male	10.166.3.185	680	Rorke	Bosley	
681	Nero	Lidgard	nlidgardiw@wordpress.org	Male	193.248.111.167	681	Nero	Lidgard	
682	Alexander	Voice	avoiceix@unesco.org	Male	45.241.80.167	682	Alexander	Voice	
683	Kent	McIlwreath	kmcilwreathiy@cpanel.net	Male	38.216.182.180	683	Kent	McIlwreath	
684	Moyra	Riste	mristeiz@plala.or.jp	Female	218.52.191.59	684	Moyra	Riste	
685	Antonino	Clear	aclearj0@europa.eu	Male	55.30.2.216	685	Antonino	Clear	
686	Rosmunda	McUre	rmcurej1@sakura.ne.jp	Female	215.209.55.176	686	Rosmunda	McUre	
687	Aldin	Geerling	ageerlingj2@merriam-webster.com	Male	38.72.57.156	687	Aldin	Geerling	
688	Lorianna	Dewerson	ldewersonj3@msn.com	Bigender	16.145.79.98	688	Lorianna	Dewerson	
689	Andros	Drissell	adrissellj4@va.gov	Male	73.32.141.27	689	Andros	Drissell	
690	Eyde	Burchard	eburchardj5@theguardian.com	Female	192.163.178.58	690	Eyde	Burchard	
691	Kania	Calver	kcalverj6@geocities.com	Female	75.107.136.28	691	Kania	Calver	
692	Alikee	Cousen	acousenj7@washingtonpost.com	Female	195.55.15.154	692	Alikee	Cousen	
693	Teresita	Bucklan	tbucklanj8@pinterest.com	Female	77.68.3.14	693	Teresita	Bucklan	
694	Nona	Whitter	nwhitterj9@google.it	Female	154.59.229.216	694	Nona	Whitter	
695	Maximo	Thackham	mthackhamja@networksolutions.com	Male	125.156.164.159	695	Maximo	Thackham	
696	Gunar	Bulluck	gbulluckjb@unc.edu	Male	243.187.148.215	696	Gunar	Bulluck	
697	Donielle	Normavill	dnormavilljc@ezinearticles.com	Female	86.72.47.172	697	Donielle	Normavill	
698	Lyon	Ure	lurejd@vk.com	Male	138.87.55.48	698	Lyon	Ure	
699	Brennan	Scholes	bscholesje@kickstarter.com	Male	150.19.177.196	699	Brennan	Scholes	
700	Hale	Manchett	hmanchettjf@amazon.co.uk	Male	77.65.40.42	700	Hale	Manchett	
701	Zebulon	Lotwich	zlotwichjg@360.cn	Male	91.223.219.193	701	Zebulon	Lotwich	
702	Reagan	Epton	reptonjh@omniture.com	Male	133.160.94.36	702	Reagan	Epton	
703	Rikki	Bier	rbierji@nymag.com	Male	132.137.134.180	703	Rikki	Bier	
704	Adele	Ciraldo	aciraldojj@360.cn	Female	126.240.43.153	704	Adele	Ciraldo	
705	Brana	Bendell	bbendelljk@trellian.com	Female	74.72.105.8	705	Brana	Bendell	
706	Kean	Ksandra	kksandrajl@blogger.com	Male	134.166.59.184	706	Kean	Ksandra	
707	Stevie	Goldstein	sgoldsteinjm@huffingtonpost.com	Agender	24.69.128.75	707	Stevie	Goldstein	
708	Ertha	Moriarty	emoriartyjn@cmu.edu	Bigender	69.209.56.230	708	Ertha	Moriarty	
709	Jobina	Guilloux	jguillouxjo@yolasite.com	Female	179.159.230.80	709	Jobina	Guilloux	
710	Berne	Olenin	boleninjp@gnu.org	Male	40.81.40.246	710	Berne	Olenin	
711	Misty	Zimmer	mzimmerjq@slate.com	Female	115.111.139.82	711	Misty	Zimmer	
712	Vanessa	Mellmoth	vmellmothjr@hhs.gov	Female	118.154.207.136	712	Vanessa	Mellmoth	
713	Alair	Haddeston	ahaddestonjs@chron.com	Male	232.243.171.65	713	Alair	Haddeston	
714	Jed	Philcock	jphilcockjt@weather.com	Male	194.87.199.24	714	Jed	Philcock	
715	Tammi	Fillery	tfilleryju@eventbrite.com	Agender	177.168.176.162	715	Tammi	Fillery	
716	Philippe	Jeffryes	pjeffryesjv@jiathis.com	Female	243.67.213.56	716	Philippe	Jeffryes	
717	Lianne	Vigneron	lvigneronjw@gnu.org	Female	173.118.107.155	717	Lianne	Vigneron	
718	Philbert	Matei	pmateijx@webs.com	Male	103.66.60.195	718	Philbert	Matei	
719	Jackson	Palomba	jpalombajy@latimes.com	Male	190.74.134.2	719	Jackson	Palomba	
720	Germain	Canadine	gcanadinejz@blogspot.com	Genderfluid	110.2.27.32	720	Germain	Canadine	
721	Nehemiah	Burnard	nburnardk0@nih.gov	Male	47.34.117.153	721	Nehemiah	Burnard	
722	Melvyn	Lardnar	mlardnark1@archive.org	Genderfluid	6.17.228.47	722	Melvyn	Lardnar	
723	Jehu	McAvaddy	jmcavaddyk2@admin.ch	Male	94.94.77.125	723	Jehu	McAvaddy	
724	Sherrie	Ginley	sginleyk3@deviantart.com	Polygender	126.65.15.66	724	Sherrie	Ginley	
725	Donal	Beathem	dbeathemk4@loc.gov	Male	144.93.201.199	725	Donal	Beathem	
726	Gerome	Ramshaw	gramshawk5@123-reg.co.uk	Male	200.99.184.28	726	Gerome	Ramshaw	
727	Gaspard	Bowfin	gbowfink6@xing.com	Male	34.79.155.238	727	Gaspard	Bowfin	
728	Ginny	Van der Hoven	gvanderhovenk7@multiply.com	Female	194.132.192.29	728	Ginny	Van der Hoven	
729	Larina	Mumbeson	lmumbesonk8@wikia.com	Female	150.113.123.186	729	Larina	Mumbeson	
730	Lesly	Huntingford	lhuntingfordk9@domainmarket.com	Female	246.153.97.100	730	Lesly	Huntingford	
731	May	Oxx	moxxka@nifty.com	Female	255.25.205.171	731	May	Oxx	
732	Matias	Blanque	mblanquekb@wikipedia.org	Male	93.29.120.30	732	Matias	Blanque	
733	Caryl	Senior	cseniorkc@independent.co.uk	Non-binary	164.55.90.13	733	Caryl	Senior	
734	Ario	Radbond	aradbondkd@princeton.edu	Male	15.192.219.59	734	Ario	Radbond	
735	Sylas	Yorston	syorstonke@intel.com	Male	108.158.43.44	735	Sylas	Yorston	
736	Lorita	Goodswen	lgoodswenkf@furl.net	Female	193.108.180.44	736	Lorita	Goodswen	
737	Dannel	Gonzales	dgonzaleskg@deviantart.com	Male	27.214.215.123	737	Dannel	Gonzales	
738	Carolus	Barajaz	cbarajazkh@canalblog.com	Male	250.165.208.176	738	Carolus	Barajaz	
739	Torrence	Gennerich	tgennerichki@youtube.com	Male	43.252.52.68	739	Torrence	Gennerich	
740	Else	Morecomb	emorecombkj@technorati.com	Female	104.207.185.141	740	Else	Morecomb	
741	Gregor	Iacoboni	giacobonikk@nasa.gov	Agender	255.157.201.150	741	Gregor	Iacoboni	
742	Kinsley	Mallison	kmallisonkl@free.fr	Male	81.84.197.231	742	Kinsley	Mallison	
743	Willis	Sedgman	wsedgmankm@jugem.jp	Male	69.130.111.198	743	Willis	Sedgman	
744	Benji	Keuning	bkeuningkn@e-recht24.de	Male	103.145.148.199	744	Benji	Keuning	
745	Carleen	Pietruszka	cpietruszkako@livejournal.com	Female	103.147.40.224	745	Carleen	Pietruszka	
746	Graeme	Corkan	gcorkankp@amazon.com	Agender	172.134.186.208	746	Graeme	Corkan	
747	Libby	Childerley	lchilderleykq@msn.com	Female	44.132.41.170	747	Libby	Childerley	
748	Dierdre	Bowdery	dbowderykr@behance.net	Female	248.1.99.179	748	Dierdre	Bowdery	
749	Nonnah	Benting	nbentingks@themeforest.net	Female	70.252.191.127	749	Nonnah	Benting	
750	Susanna	Belliss	sbellisskt@usa.gov	Female	89.174.200.229	750	Susanna	Belliss	
751	Theodore	Salvage	tsalvageku@dion.ne.jp	Male	26.189.197.62	751	Theodore	Salvage	
752	Didi	Buffy	dbuffykv@cam.ac.uk	Female	139.111.224.116	752	Didi	Buffy	
753	Leland	Gofforth	lgofforthkw@salon.com	Female	176.136.36.160	753	Leland	Gofforth	
754	Binny	Roughey	brougheykx@oracle.com	Female	99.95.65.48	754	Binny	Roughey	
755	Anatola	Gutherson	aguthersonky@china.com.cn	Female	203.92.72.173	755	Anatola	Gutherson	
756	Nappie	Antushev	nantushevkz@cpanel.net	Male	176.35.61.174	756	Nappie	Antushev	
757	Ninnette	Bate	nbatel0@abc.net.au	Female	132.197.82.99	757	Ninnette	Bate	
758	Delilah	Vick	dvickl1@google.nl	Female	101.202.90.58	758	Delilah	Vick	
759	Brooks	Bodell	bbodelll2@wikipedia.org	Female	187.17.167.140	759	Brooks	Bodell	
760	Gibby	Standell	gstandelll3@mapy.cz	Male	170.205.99.23	760	Gibby	Standell	
761	Jocelin	Scimonelli	jscimonellil4@taobao.com	Female	37.203.179.253	761	Jocelin	Scimonelli	
762	Vaclav	Castanos	vcastanosl5@goo.gl	Male	229.71.181.142	762	Vaclav	Castanos	
763	Kristel	Shepland	ksheplandl6@illinois.edu	Female	225.26.193.58	763	Kristel	Shepland	
764	Abner	Torre	atorrel7@ycombinator.com	Male	214.0.72.228	764	Abner	Torre	
765	Anallese	Basilio	abasiliol8@yandex.ru	Female	77.40.53.95	765	Anallese	Basilio	
766	Carlota	Pechet	cpechetl9@myspace.com	Female	42.74.246.50	766	Carlota	Pechet	
767	Berty	Fitch	bfitchla@theguardian.com	Polygender	212.27.143.3	767	Berty	Fitch	
768	Jeralee	Blinkhorn	jblinkhornlb@csmonitor.com	Female	146.13.188.110	768	Jeralee	Blinkhorn	
769	Neysa	Layland	nlaylandlc@mlb.com	Female	177.10.15.211	769	Neysa	Layland	
770	Ora	Gulk	ogulkld@java.com	Female	195.143.149.216	770	Ora	Gulk	
771	Maryjo	Amiss	mamissle@delicious.com	Female	147.121.165.205	771	Maryjo	Amiss	
772	Elita	Washington	ewashingtonlf@joomla.org	Female	185.58.72.2	772	Elita	Washington	
773	Stillmann	Stubley	sstubleylg@cdc.gov	Male	118.235.174.160	773	Stillmann	Stubley	
774	Jamill	Gloves	jgloveslh@drupal.org	Male	251.27.91.116	774	Jamill	Gloves	
775	Boony	Belone	bbeloneli@jiathis.com	Male	105.37.1.221	775	Boony	Belone	
776	Hubey	Richley	hrichleylj@aol.com	Bigender	29.216.113.156	776	Hubey	Richley	
777	Donalt	Trounce	dtrouncelk@apple.com	Male	186.137.114.41	777	Donalt	Trounce	
778	Janina	Cobello	jcobelloll@elegantthemes.com	Bigender	227.153.184.18	778	Janina	Cobello	
779	Ike	Rook	irooklm@barnesandnoble.com	Male	166.134.113.10	779	Ike	Rook	
780	Andree	Ffoulkes	affoulkesln@multiply.com	Female	44.210.244.23	780	Andree	Ffoulkes	
781	Camellia	Barends	cbarendslo@ft.com	Female	2.254.96.227	781	Camellia	Barends	
782	Marrissa	Ricoald	mricoaldlp@reddit.com	Female	109.124.66.203	782	Marrissa	Ricoald	
783	Richard	Fishbourn	rfishbournlq@ovh.net	Male	207.98.132.8	783	Richard	Fishbourn	
784	Kati	Faireclough	kfairecloughlr@goo.ne.jp	Female	152.118.43.113	784	Kati	Faireclough	
785	Artair	Ashlee	aashleels@wp.com	Male	237.255.214.57	785	Artair	Ashlee	
786	Gordan	Clericoates	gclericoateslt@ehow.com	Male	184.116.193.114	786	Gordan	Clericoates	
787	Bradan	Preator	bpreatorlu@shinystat.com	Male	86.84.115.110	787	Bradan	Preator	
788	Shurlocke	Phayre	sphayrelv@engadget.com	Male	22.210.5.25	788	Shurlocke	Phayre	
789	Susette	Fumagall	sfumagalllw@cargocollective.com	Female	146.71.13.31	789	Susette	Fumagall	
790	Andie	O' Finan	aofinanlx@ucoz.com	Genderqueer	186.134.17.127	790	Andie	O' Finan	
791	Ezmeralda	Jerok	ejerokly@hibu.com	Female	235.66.253.233	791	Ezmeralda	Jerok	
792	Evyn	Dorsett	edorsettlz@blogspot.com	Male	230.241.174.30	792	Evyn	Dorsett	
793	Kermie	Greenstead	kgreensteadm0@timesonline.co.uk	Agender	109.123.2.70	793	Kermie	Greenstead	
794	Cob	Manilove	cmanilovem1@ustream.tv	Male	57.177.140.222	794	Cob	Manilove	
795	Elliott	Cadding	ecaddingm2@miitbeian.gov.cn	Male	47.124.193.247	795	Elliott	Cadding	
796	Johny	Dicey	jdiceym3@gmpg.org	Male	123.150.151.107	796	Johny	Dicey	
797	Stacy	Rosnau	srosnaum4@deliciousdays.com	Male	57.153.46.66	797	Stacy	Rosnau	
798	Amalie	Coulman	acoulmanm5@imdb.com	Female	24.34.66.77	798	Amalie	Coulman	
799	Luke	Desorts	ldesortsm6@sogou.com	Male	44.68.184.164	799	Luke	Desorts	
800	Alwyn	Redemile	aredemilem7@unesco.org	Male	243.120.166.157	800	Alwyn	Redemile	
801	Davon	Wiggett	dwiggettm8@constantcontact.com	Male	180.151.42.17	801	Davon	Wiggett	
802	Erick	Verrick	everrickm9@sfgate.com	Male	224.9.8.216	802	Erick	Verrick	
803	Isis	Scudders	iscuddersma@wsj.com	Female	45.251.27.97	803	Isis	Scudders	
804	Christian	Alekseicik	calekseicikmb@yelp.com	Female	200.206.215.172	804	Christian	Alekseicik	
805	Muire	Rasher	mrashermc@chronoengine.com	Female	213.114.201.100	805	Muire	Rasher	
806	Doreen	Willoughby	dwilloughbymd@google.fr	Female	6.235.92.152	806	Doreen	Willoughby	
807	Petronilla	Hazzard	phazzardme@instagram.com	Female	85.6.0.174	807	Petronilla	Hazzard	
808	Magdalene	Jerzak	mjerzakmf@cdbaby.com	Female	185.142.199.227	808	Magdalene	Jerzak	
809	Cherie	Jenney	cjenneymg@posterous.com	Female	102.140.193.121	809	Cherie	Jenney	
810	Haskell	Dreus	hdreusmh@bloglines.com	Non-binary	0.118.234.34	810	Haskell	Dreus	
811	Guenna	Norquoy	gnorquoymi@simplemachines.org	Female	104.174.143.168	811	Guenna	Norquoy	
812	Edyth	Humpherston	ehumpherstonmj@typepad.com	Female	119.55.172.178	812	Edyth	Humpherston	
813	Lou	Twinterman	ltwintermanmk@delicious.com	Male	88.42.199.201	813	Lou	Twinterman	
814	Codi	Acomb	cacombml@drupal.org	Female	20.154.252.175	814	Codi	Acomb	
815	Dennie	Byrcher	dbyrchermm@goodreads.com	Male	146.113.50.73	815	Dennie	Byrcher	
816	Brear	Craighall	bcraighallmn@posterous.com	Female	53.20.225.231	816	Brear	Craighall	
817	Florinda	Judd	fjuddmo@desdev.cn	Polygender	209.5.37.178	817	Florinda	Judd	
818	Vernen	Reekie	vreekiemp@noaa.gov	Male	192.87.97.177	818	Vernen	Reekie	
819	Chantal	Staynes	cstaynesmq@constantcontact.com	Female	30.7.206.253	819	Chantal	Staynes	
820	Suzy	Snugg	ssnuggmr@behance.net	Female	234.253.249.167	820	Suzy	Snugg	
821	Diane-marie	Bawden	dbawdenms@state.gov	Female	135.139.193.220	821	Diane-marie	Bawden	
822	Emma	Bissill	ebissillmt@unc.edu	Genderfluid	59.94.143.157	822	Emma	Bissill	
823	Blake	MacKee	bmackeemu@exblog.jp	Female	100.213.2.160	823	Blake	MacKee	
824	Neddy	Blakeley	nblakeleymv@ftc.gov	Male	30.88.220.177	824	Neddy	Blakeley	
825	Alano	Claiden	aclaidenmw@theatlantic.com	Male	155.85.243.186	825	Alano	Claiden	
826	Julio	McLucky	jmcluckymx@yellowpages.com	Male	133.70.69.2	826	Julio	McLucky	
827	Darby	Ryder	drydermy@netlog.com	Male	177.241.115.192	827	Darby	Ryder	
828	Kissie	Tomaschke	ktomaschkemz@dyndns.org	Female	157.76.82.200	828	Kissie	Tomaschke	
829	Ellerey	De Beneditti	edebenedittin0@netvibes.com	Male	24.112.22.82	829	Ellerey	De Beneditti	
830	Niki	Downer	ndownern1@webnode.com	Male	207.5.174.20	830	Niki	Downer	
831	Madelaine	Cowlas	mcowlasn2@spotify.com	Female	181.98.42.109	831	Madelaine	Cowlas	
832	Englebert	Covert	ecovertn3@1688.com	Male	208.236.73.117	832	Englebert	Covert	
833	Jourdain	Chimes	jchimesn4@creativecommons.org	Male	238.107.169.65	833	Jourdain	Chimes	
834	Melinda	Voce	mvocen5@engadget.com	Genderqueer	176.179.229.177	834	Melinda	Voce	
835	Karalynn	Wolpert	kwolpertn6@altervista.org	Female	139.253.246.205	835	Karalynn	Wolpert	
836	North	Lohden	nlohdenn7@berkeley.edu	Genderqueer	31.50.180.193	836	North	Lohden	
837	Madelle	Gollard	mgollardn8@forbes.com	Female	167.177.136.156	837	Madelle	Gollard	
838	Saunderson	Depka	sdepkan9@blogspot.com	Male	22.238.246.0	838	Saunderson	Depka	
839	Rori	Glazier	rglazierna@bloglines.com	Female	95.190.218.216	839	Rori	Glazier	
840	Dre	Cawkwell	dcawkwellnb@amazon.com	Female	14.0.146.249	840	Dre	Cawkwell	
841	Karrah	Halliwell	khalliwellnc@fastcompany.com	Female	200.242.52.213	841	Karrah	Halliwell	
842	Dominik	Pryer	dpryernd@desdev.cn	Male	41.72.190.115	842	Dominik	Pryer	
843	Natala	Archibald	narchibaldne@alibaba.com	Female	38.238.223.158	843	Natala	Archibald	
844	Valencia	Lindenstrauss	vlindenstraussnf@google.pl	Genderfluid	132.143.153.144	844	Valencia	Lindenstrauss	
845	Nannie	Capstake	ncapstakeng@blogspot.com	Female	79.216.61.67	845	Nannie	Capstake	
846	Rosalyn	Holwell	rholwellnh@google.com.hk	Female	172.177.30.187	846	Rosalyn	Holwell	
847	Pernell	Breffit	pbreffitni@twitpic.com	Genderfluid	16.30.85.144	847	Pernell	Breffit	
848	Regen	Jerg	rjergnj@fema.gov	Male	110.209.181.71	848	Regen	Jerg	
849	Red	Babb	rbabbnk@epa.gov	Male	248.147.49.250	849	Red	Babb	
850	Alica	Ward	awardnl@mit.edu	Female	130.234.180.200	850	Alica	Ward	
851	Simone	Sallenger	ssallengernm@goodreads.com	Polygender	17.80.125.22	851	Simone	Sallenger	
852	Matty	Donnellan	mdonnellannn@ed.gov	Male	93.116.215.204	852	Matty	Donnellan	
853	Mara	Drejer	mdrejerno@51.la	Female	46.2.172.210	853	Mara	Drejer	
854	Sibyl	Coneybeer	sconeybeernp@dot.gov	Female	196.116.174.11	854	Sibyl	Coneybeer	
855	Floris	Morrowe	fmorrowenq@cpanel.net	Female	124.176.147.41	855	Floris	Morrowe	
856	Lorilee	Cufflin	lcufflinnr@biglobe.ne.jp	Female	253.83.185.221	856	Lorilee	Cufflin	
857	Adella	MacCaughey	amaccaugheyns@mayoclinic.com	Female	252.12.205.200	857	Adella	MacCaughey	
858	Juditha	Kennewell	jkennewellnt@cyberchimps.com	Female	71.166.32.208	858	Juditha	Kennewell	
859	Tiphani	Pourveer	tpourveernu@google.pl	Female	147.124.22.183	859	Tiphani	Pourveer	
860	Ira	Duckinfield	iduckinfieldnv@usnews.com	Female	253.110.89.31	860	Ira	Duckinfield	
861	Zenia	McCrae	zmccraenw@nih.gov	Female	72.130.132.73	861	Zenia	McCrae	
862	Ario	Bateman	abatemannx@google.co.uk	Male	235.61.221.26	862	Ario	Bateman	
863	Dione	Colnett	dcolnettny@census.gov	Female	12.208.104.241	863	Dione	Colnett	
864	Paddie	Ilchuk	pilchuknz@mozilla.com	Male	78.4.159.205	864	Paddie	Ilchuk	
865	Kristo	Matantsev	kmatantsevo0@nytimes.com	Male	177.91.224.213	865	Kristo	Matantsev	
866	Clara	Goodred	cgoodredo1@google.co.uk	Female	181.53.230.152	866	Clara	Goodred	
867	Nathaniel	Bawme	nbawmeo2@sakura.ne.jp	Male	55.197.164.64	867	Nathaniel	Bawme	
868	Dory	Bale	dbaleo3@com.com	Male	69.171.162.243	868	Dory	Bale	
869	Filberte	Lampl	flamplo4@mail.ru	Male	16.110.142.125	869	Filberte	Lampl	
870	Nance	Greetham	ngreethamo5@google.ca	Non-binary	53.51.90.216	870	Nance	Greetham	
871	Felipa	Ewbanck	fewbancko6@webmd.com	Female	154.4.16.219	871	Felipa	Ewbanck	
872	Ramsey	Aiskovitch	raiskovitcho7@shareasale.com	Male	17.232.255.232	872	Ramsey	Aiskovitch	
873	Carline	McClinton	cmcclintono8@chron.com	Female	63.163.47.28	873	Carline	McClinton	
874	Emmanuel	Besque	ebesqueo9@scribd.com	Male	9.62.2.222	874	Emmanuel	Besque	
875	Luke	Van Hesteren	lvanhesterenoa@over-blog.com	Genderqueer	222.200.175.15	875	Luke	Van Hesteren	
876	Erie	Chastey	echasteyob@a8.net	Male	39.108.77.1	876	Erie	Chastey	
877	Francesco	Gisbourn	fgisbournoc@edublogs.org	Male	206.92.174.191	877	Francesco	Gisbourn	
878	Suzy	Sirkett	ssirkettod@elegantthemes.com	Female	40.163.139.210	878	Suzy	Sirkett	
879	Leigha	Ivetts	livettsoe@sbwire.com	Female	201.13.11.72	879	Leigha	Ivetts	
880	Elisabet	Nowaczyk	enowaczykof@topsy.com	Female	167.213.3.207	880	Elisabet	Nowaczyk	
881	Neale	Bannester	nbannesterog@tinypic.com	Male	6.193.192.247	881	Neale	Bannester	
882	Kay	Huie	khuieoh@globo.com	Female	157.125.54.199	882	Kay	Huie	
883	Skelly	Duffin	sduffinoi@sogou.com	Male	108.137.186.117	883	Skelly	Duffin	
884	Anthony	Klehyn	aklehynoj@hao123.com	Male	151.124.172.45	884	Anthony	Klehyn	
885	Jonathon	Huyhton	jhuyhtonok@umich.edu	Male	247.198.66.238	885	Jonathon	Huyhton	
886	Latrina	Belfield	lbelfieldol@de.vu	Genderqueer	190.69.60.4	886	Latrina	Belfield	
887	Doralia	Pitherick	dpitherickom@list-manage.com	Female	67.67.44.218	887	Doralia	Pitherick	
888	Reinwald	Gillespey	rgillespeyon@gov.uk	Male	251.106.245.183	888	Reinwald	Gillespey	
889	Whit	Bonn	wbonnoo@seesaa.net	Male	124.143.197.132	889	Whit	Bonn	
890	Teodor	Gilhool	tgilhoolop@bbc.co.uk	Male	243.175.88.246	890	Teodor	Gilhool	
891	Lanna	Resdale	lresdaleoq@unc.edu	Female	241.211.135.107	891	Lanna	Resdale	
892	Orazio	Ramsden	oramsdenor@omniture.com	Male	67.235.48.45	892	Orazio	Ramsden	
893	Laney	Eymer	leymeros@t-online.de	Polygender	112.26.149.185	893	Laney	Eymer	
894	Dawn	Pugsley	dpugsleyot@ucoz.ru	Female	200.246.41.229	894	Dawn	Pugsley	
895	Filia	Castellet	fcastelletou@desdev.cn	Genderfluid	72.116.67.47	895	Filia	Castellet	
896	Clem	Geere	cgeereov@rakuten.co.jp	Bigender	115.185.98.255	896	Clem	Geere	
897	Cheryl	McGuiney	cmcguineyow@ucsd.edu	Female	165.126.46.129	897	Cheryl	McGuiney	
898	Lemar	McQuarter	lmcquarterox@webnode.com	Male	227.11.54.204	898	Lemar	McQuarter	
899	Sasha	O' Dooley	sodooleyoy@hp.com	Bigender	117.7.27.213	899	Sasha	O' Dooley	
900	Rozalie	Simounet	rsimounetoz@nih.gov	Female	209.125.174.234	900	Rozalie	Simounet	
901	Brucie	Trippick	btrippickp0@google.co.jp	Male	255.147.52.45	901	Brucie	Trippick	
902	Burch	Lindwasser	blindwasserp1@comsenz.com	Male	233.4.39.13	902	Burch	Lindwasser	
903	Evey	De la Zenne	edelazennep2@eepurl.com	Female	62.1.233.239	903	Evey	De la Zenne	
904	Annabelle	Kettlesing	akettlesingp3@wikia.com	Female	190.73.217.167	904	Annabelle	Kettlesing	
905	Moreen	Tharme	mtharmep4@goo.ne.jp	Female	173.110.167.141	905	Moreen	Tharme	
906	Daune	Berthome	dberthomep5@shop-pro.jp	Female	74.238.130.24	906	Daune	Berthome	
907	Kirby	Cerie	kceriep6@list-manage.com	Female	51.69.15.9	907	Kirby	Cerie	
908	Augy	Bickersteth	abickerstethp7@blogtalkradio.com	Male	28.42.194.244	908	Augy	Bickersteth	
909	Binky	Klausewitz	bklausewitzp8@bluehost.com	Male	185.91.69.198	909	Binky	Klausewitz	
910	Germain	Clyde	gclydep9@nhs.uk	Female	101.123.187.137	910	Germain	Clyde	
911	Dulcia	Gillbee	dgillbeepa@php.net	Female	93.176.24.32	911	Dulcia	Gillbee	
912	Gabbie	Howler	ghowlerpb@qq.com	Female	28.194.232.8	912	Gabbie	Howler	
913	Orsa	Almon	oalmonpc@sitemeter.com	Female	51.150.223.168	913	Orsa	Almon	
914	Gaynor	Montacute	gmontacutepd@drupal.org	Female	78.141.70.154	914	Gaynor	Montacute	
915	Kary	Blaisdell	kblaisdellpe@booking.com	Female	163.97.69.194	915	Kary	Blaisdell	
916	Xavier	Grigorescu	xgrigorescupf@ebay.com	Male	205.69.43.133	916	Xavier	Grigorescu	
917	Northrup	Eckery	neckerypg@toplist.cz	Male	238.156.27.178	917	Northrup	Eckery	
918	Roi	Van Son	rvansonph@woothemes.com	Male	145.189.132.124	918	Roi	Van Son	
919	Burch	Woolger	bwoolgerpi@qq.com	Male	146.96.174.178	919	Burch	Woolger	
920	Engelbert	Cockin	ecockinpj@irs.gov	Bigender	107.229.34.159	920	Engelbert	Cockin	
921	Dyanne	Karmel	dkarmelpk@huffingtonpost.com	Female	211.11.187.91	921	Dyanne	Karmel	
922	Shanda	Bridgement	sbridgementpl@i2i.jp	Female	176.232.233.148	922	Shanda	Bridgement	
923	Kaitlin	Perdue	kperduepm@state.gov	Female	236.150.249.17	923	Kaitlin	Perdue	
924	Valle	Bowser	vbowserpn@yale.edu	Bigender	196.37.213.118	924	Valle	Bowser	
925	Mabel	Fetherstonhaugh	mfetherstonhaughpo@weebly.com	Female	225.212.207.51	925	Mabel	Fetherstonhaugh	
926	Isidoro	Pleaden	ipleadenpp@com.com	Male	5.147.52.153	926	Isidoro	Pleaden	
927	Isaiah	Morrill	imorrillpq@shinystat.com	Non-binary	105.25.41.241	927	Isaiah	Morrill	
928	Mechelle	Danielli	mdaniellipr@nydailynews.com	Female	236.201.123.20	928	Mechelle	Danielli	
929	Rafa	Burriss	rburrissps@ucsd.edu	Bigender	0.126.129.9	929	Rafa	Burriss	
930	Rozanne	Pyper	rpyperpt@shop-pro.jp	Female	229.192.68.120	930	Rozanne	Pyper	
931	Arlinda	Moberley	amoberleypu@discovery.com	Non-binary	4.117.231.172	931	Arlinda	Moberley	
932	Rachael	Spolton	rspoltonpv@nsw.gov.au	Female	161.17.228.179	932	Rachael	Spolton	
933	Andie	Brik	abrikpw@google.de	Female	128.50.229.100	933	Andie	Brik	
934	Marcile	Maile	mmailepx@dyndns.org	Female	133.49.109.41	934	Marcile	Maile	
935	Kata	Rzehorz	krzehorzpy@cafepress.com	Female	94.59.208.105	935	Kata	Rzehorz	
936	Joella	Creeber	jcreeberpz@bandcamp.com	Female	163.95.58.37	936	Joella	Creeber	
937	Brittany	Rudman	brudmanq0@google.ru	Genderfluid	39.120.245.179	937	Brittany	Rudman	
938	Kermie	Pring	kpringq1@google.pl	Male	205.139.100.85	938	Kermie	Pring	
939	Rafaellle	Hobben	rhobbenq2@wikispaces.com	Male	183.75.107.72	939	Rafaellle	Hobben	
940	Lou	Knewstubb	lknewstubbq3@epa.gov	Female	9.191.173.64	940	Lou	Knewstubb	
941	Wilfrid	Rolstone	wrolstoneq4@upenn.edu	Male	94.24.210.19	941	Wilfrid	Rolstone	
942	Florella	Grewar	fgrewarq5@zimbio.com	Female	156.14.62.2	942	Florella	Grewar	
943	Chen	Maxsted	cmaxstedq6@about.me	Male	117.174.47.209	943	Chen	Maxsted	
944	Sibel	Myall	smyallq7@mac.com	Female	211.65.25.71	944	Sibel	Myall	
945	Chadwick	Wimbury	cwimburyq8@wunderground.com	Genderfluid	32.78.177.215	945	Chadwick	Wimbury	
946	Nevile	Ramage	nramageq9@cam.ac.uk	Male	172.123.66.135	946	Nevile	Ramage	
947	Tomaso	Itskovitz	titskovitzqa@cocolog-nifty.com	Male	51.191.50.120	947	Tomaso	Itskovitz	
948	Murry	Veschambre	mveschambreqb@storify.com	Male	106.10.161.150	948	Murry	Veschambre	
949	Ermanno	Bosson	ebossonqc@over-blog.com	Male	107.40.187.161	949	Ermanno	Bosson	
950	Tessi	Panketh	tpankethqd@indiegogo.com	Female	167.142.137.180	950	Tessi	Panketh	
951	Lorine	Dicker	ldickerqe@storify.com	Genderqueer	152.2.71.105	951	Lorine	Dicker	
952	Corina	Jemison	cjemisonqf@harvard.edu	Female	26.234.182.61	952	Corina	Jemison	
953	Bax	Calam	bcalamqg@ebay.com	Male	144.193.97.18	953	Bax	Calam	
954	Magdaia	Vannuccinii	mvannucciniiqh@deviantart.com	Female	144.34.34.13	954	Magdaia	Vannuccinii	
955	Cyrillus	Bestar	cbestarqi@cyberchimps.com	Male	249.67.202.191	955	Cyrillus	Bestar	
956	Tomasina	Nashe	tnasheqj@vkontakte.ru	Female	49.175.210.124	956	Tomasina	Nashe	
957	Boris	Szymanowicz	bszymanowiczqk@prnewswire.com	Male	49.50.49.54	957	Boris	Szymanowicz	
958	Roch	Scholtz	rscholtzql@biblegateway.com	Non-binary	73.108.99.118	958	Roch	Scholtz	
959	Petra	Verty	pvertyqm@themeforest.net	Genderfluid	126.205.116.145	959	Petra	Verty	
960	Bethena	Lockery	blockeryqn@usda.gov	Female	120.71.247.83	960	Bethena	Lockery	
961	Jodie	Gath	jgathqo@prnewswire.com	Female	50.212.157.88	961	Jodie	Gath	
962	Torr	Sywell	tsywellqp@cmu.edu	Male	234.156.215.163	962	Torr	Sywell	
963	Benn	Unworth	bunworthqq@photobucket.com	Male	198.68.89.202	963	Benn	Unworth	
964	Beverie	Zeplin	bzeplinqr@icq.com	Female	170.172.209.195	964	Beverie	Zeplin	
965	Nanine	Learned	nlearnedqs@theatlantic.com	Female	0.155.189.176	965	Nanine	Learned	
966	Nickie	Haster	nhasterqt@livejournal.com	Female	49.106.113.248	966	Nickie	Haster	
967	Catina	Kleinstub	ckleinstubqu@sogou.com	Female	116.131.217.2	967	Catina	Kleinstub	
968	Ram	Vaudre	rvaudreqv@desdev.cn	Male	241.48.83.184	968	Ram	Vaudre	
969	Pattie	McPartlin	pmcpartlinqw@shareasale.com	Non-binary	101.55.6.201	969	Pattie	McPartlin	
970	Merrick	Salisbury	msalisburyqx@istockphoto.com	Male	94.110.118.225	970	Merrick	Salisbury	
971	Berke	Alecock	balecockqy@wordpress.com	Male	183.209.59.163	971	Berke	Alecock	
972	Teddy	Eck	teckqz@prlog.org	Female	248.108.153.12	972	Teddy	Eck	
973	Britt	Heaysman	bheaysmanr0@cbslocal.com	Male	216.125.117.67	973	Britt	Heaysman	
974	Hailey	Malarkey	hmalarkeyr1@com.com	Genderfluid	4.155.241.25	974	Hailey	Malarkey	
975	Rosita	Ledford	rledfordr2@stanford.edu	Female	144.232.25.172	975	Rosita	Ledford	
976	Lauree	Drowsfield	ldrowsfieldr3@miitbeian.gov.cn	Female	150.200.121.109	976	Lauree	Drowsfield	
977	Bil	Brealey	bbrealeyr4@cbsnews.com	Male	123.146.10.84	977	Bil	Brealey	
978	Sam	Jeaves	sjeavesr5@scribd.com	Male	31.103.108.30	978	Sam	Jeaves	
979	Celinka	Banghe	cbangher6@uol.com.br	Female	81.168.233.84	979	Celinka	Banghe	
980	Ilario	Childerley	ichilderleyr7@webs.com	Male	68.159.2.47	980	Ilario	Childerley	
981	Sebastian	Wetter	swetterr8@tumblr.com	Male	0.68.44.103	981	Sebastian	Wetter	
982	Ellene	Ritson	eritsonr9@angelfire.com	Female	4.35.47.36	982	Ellene	Ritson	
983	Esmeralda	Breming	ebremingra@imdb.com	Bigender	118.207.206.79	983	Esmeralda	Breming	
984	Lilyan	Beedle	lbeedlerb@parallels.com	Female	253.180.188.55	984	Lilyan	Beedle	
985	Enoch	Blonfield	eblonfieldrc@ft.com	Male	251.117.70.250	985	Enoch	Blonfield	
986	Estell	Elvidge	eelvidgerd@theglobeandmail.com	Female	179.218.186.49	986	Estell	Elvidge	
987	Bart	Swannie	bswanniere@multiply.com	Male	221.209.157.174	987	Bart	Swannie	
988	Berke	Buckett	bbuckettrf@tinyurl.com	Male	219.64.112.248	988	Berke	Buckett	
989	Harry	Stretton	hstrettonrg@icq.com	Male	14.87.43.154	989	Harry	Stretton	
990	Candie	Rydeard	crydeardrh@flavors.me	Female	134.228.132.41	990	Candie	Rydeard	
991	Robers	Jiru	rjiruri@ftc.gov	Male	16.13.19.145	991	Robers	Jiru	
992	Jojo	O' Timony	jotimonyrj@sogou.com	Female	191.52.64.36	992	Jojo	O' Timony	
993	Ferd	Pitkeathly	fpitkeathlyrk@springer.com	Bigender	53.251.164.201	993	Ferd	Pitkeathly	
994	Caritta	Simkin	csimkinrl@homestead.com	Female	164.65.89.134	994	Caritta	Simkin	
995	Vivien	Grzesiak	vgrzesiakrm@fotki.com	Female	11.233.24.241	995	Vivien	Grzesiak	
996	Cyrus	Danev	cdanevrn@google.cn	Male	183.172.217.14	996	Cyrus	Danev	
997	Hallsy	Rousel	hrouselro@webnode.com	Male	211.57.225.76	997	Hallsy	Rousel	
998	Reinhold	Ronald	rronaldrp@cnbc.com	Male	196.163.196.189	998	Reinhold	Ronald	
999	Alf	Villiers	avilliersrq@prnewswire.com	Male	72.95.126.177	999	Alf	Villiers	
1000	Randee	Glitherow	rglitherowrr@earthlink.net	Female	53.62.102.245	1000	Randee	Glitherow	
